date,total_sun_per_day,mean_wind_per_day,mean_wind_direction_per_day,mean_temperature_per_day,mean_rain_per_day,mean_pressure_per_day,total_sun_3to4pm,mean_wind_direction_9to10am,mean_wind_9to10am,mean_humidity_9to10am,mean_pressure_9to10am
2021-01-01,0.0,0.25428769017980635,275.33667588750575,-1.7837136929460582,2.4204702627939142e-05,1008.2757491931766,0.0,274.7894736842105,0.2011080332409972,95.0584487534626,1008.4750692520776
2021-01-02,3.0900000000000003,0.3346082949308755,282.1520737327189,-0.15796082949308754,6.912442396313364e-06,1012.3652304147464,0.0,315.8698060941828,0.22486187845303868,81.84779005524861,1011.8972375690606
2021-01-03,0.71,0.3575314048634321,124.59870923130114,0.7587530252391379,4.609888210210903e-06,1013.9546387000115,0.03,115.91436464088397,0.24226519337016575,81.56022099447515,1013.8682320441989
2021-01-04,0.02,0.952759534508584,92.99493029150824,0.9031685678073511,0.0,1016.1619887083764,0.0,78.2825484764543,2.297237569060773,73.83093922651932,1015.8488950276242
2021-01-05,1.37,0.5756049781055542,139.24256741184604,0.11604056234155338,0.0,1016.6944226780363,0.0,142.9668508287293,0.9419889502762431,77.89668508287292,1016.1922651933701
2021-01-06,0.8200000000000001,0.22072508948158412,193.9062463918716,-0.3265327329407689,3.0019628218450525e-05,1015.7383558480543,0.45,85.8232044198895,0.04509803921568628,80.5733893557423,1015.2347338935575
2021-01-07,0.0,0.04250778636520937,268.0506402122505,-3.665428538470412,0.0,1014.1289998846465,0.0,249.49861495844874,0.0,96.54419889502762,1013.5947513812156
2021-01-08,0.0,0.08612263715998154,92.3453204241586,-1.9571692023974183,3.227293683725219e-05,1014.0893153526971,0.0,0.0,0.031024930747922435,91.65734072022161,1014.343213296399
2021-01-09,0.0,0.038602559667934966,204.17871555401823,-2.619923901764096,0.0,1021.0791191052691,0.0,269.5540166204986,0.0,96.40083102493074,1021.6581717451525
2021-01-10,0.0,0.13583121973714546,244.44062716163248,-0.7757781876873414,0.0,1020.3092575513027,0.0,245.10803324099723,0.0,90.90055401662052,1019.9360110803323
2021-01-11,0.39,1.6619958515787048,245.22205577321964,4.4575593454713065,7.835906890988707e-05,1012.8598179303987,0.0,252.79005524861878,2.673611111111111,77.15444444444444,1011.2686111111111
2021-01-12,0.0,0.872412998386725,230.21560267342707,4.069774141507259,0.0003007605439041254,1010.693800414842,0.0,327.37396121883654,0.2430939226519337,80.26436464088397,1012.8765193370167
2021-01-13,0.0,0.402626425527013,248.7988710977998,4.910563299159082,0.0001785508581960604,1013.755650270706,0.0,248.8232044198895,0.5626038781163436,94.27811634349032,1013.1404432132966
2021-01-14,0.0,0.8944239631336406,200.45472350230415,4.2720622119815665,0.00034331797235023044,1012.9747350230414,0.0,273.939226519337,0.45524861878453043,93.86132596685084,1013.4259668508286
2021-01-15,1.25,0.10202881844380404,153.5319884726225,-1.0000922190201729,0.0,1024.002317002882,0.13,63.13259668508287,0.0033149171270718237,78.93314917127071,1024.9870165745856
2021-01-16,1.83,1.158776074680189,228.94064768929354,3.4486804194998273,0.0006741961507433444,1014.5242364872653,0.0,179.2596685082873,0.5686980609418283,71.5387811634349,1012.0994459833797
2021-01-17,4.32,0.6267043488291614,271.0272234398431,3.169454377667551,4.152728111662245e-05,1019.0068058599608,0.0,291.5662983425414,0.16022099447513813,69.66187845303868,1020.9182320441988
2021-01-18,0.0,1.0176036866359446,217.67476958525344,3.7401497695852535,9.216589861751152e-06,1015.3616129032259,0.0,227.646408839779,0.6786703601108033,75.23213296398892,1014.3083102493076
2021-01-19,0.01,2.751019467803249,216.0548323925815,8.100357101716394,0.0007430019582997351,999.9461928349269,0.0,235.3756906077348,2.4941988950276244,84.71049723756906,998.7400552486189
2021-01-20,0.0,2.5907823481967966,191.5188385758728,7.626731190229289,0.0013768867381034682,984.4618389215349,0.0,190.72651933701658,2.7298342541436464,88.79779005524863,982.6019337016576
2021-01-21,1.6099999999999999,1.7564460332103322,235.77133302583024,2.508487084870849,0.0004232011070110701,984.1515797970479,0.0,241.50828729281767,1.0627071823204421,73.04779005524863,984.2209944751381
2021-01-22,6.56,0.298940336328035,236.49470168164018,1.1991361437456804,1.3821700069108502e-05,990.8574637180374,0.08,220.48342541436463,0.05911602209944751,67.93729281767956,992.0618784530387
2021-01-23,3.3600000000000003,0.23259490019614631,271.4035998615438,-0.9803507557401637,4.1536863966770505e-05,994.0511595707856,0.04,243.9639889196676,0.7679558011049724,64.56022099447515,994.5027624309392
2021-01-24,0.0,0.1536290322580645,210.8347926267281,-1.7519700460829493,0.00029147465437788023,994.9493778801843,0.0,134.76795580110496,0.0024930747922437676,85.13684210526316,992.943490304709
2021-01-25,7.300000000000001,0.5295100864553314,274.5900864553314,-1.431158501440922,1.9596541786743517e-05,1007.0466167146974,0.28,269.49171270718233,0.6273480662983425,67.82983425414365,1009.1406077348065
2021-01-26,0.0,0.2911618783892927,186.42229145032883,1.235883235260182,0.00016499365409022732,1010.5489673474098,0.0,139.81440443213296,0.667403314917127,89.85027624309392,1009.2574585635359
2021-01-27,0.0,0.15709015448466682,237.95699792483285,6.181680885404658,0.0009499654138805626,1007.3266658980863,0.0,270.5718232044199,0.0005524861878453039,93.42513812154695,1007.9392265193369
2021-01-28,1.8800000000000001,1.2876887608069163,222.0435734870317,8.319123919308359,0.0015227665706051875,998.6614063400575,0.0,247.20165745856355,1.5030386740331492,82.6024861878453,999.9099447513811
2021-01-29,1.94,1.3423320659062101,255.25337020394053,6.903341398778662,0.0004516649383569535,996.6491992164996,0.0,260.2908587257618,1.0259668508287292,73.66740331491712,998.3466850828729
2021-01-30,0.0,1.372735653376354,74.02466005992164,2.1087577782899287,0.0025305369900898824,996.0818737036184,0.0,76.02209944751381,3.0314917127071825,93.6803867403315,994.9303867403313
2021-01-31,0.42000000000000004,0.28789067004959057,53.31472725175873,-0.3566140006919617,2.8831737977165263e-05,995.9149925037482,0.0,52.01939058171745,0.26850828729281767,76.11519337016574,992.4720994475139
2021-02-01,0.0,0.2218162959548231,154.7827590180938,0.5191656102339519,0.00015673619914717072,995.3451653797396,0.0,0.0,0.009695290858725761,82.71828254847645,998.2055401662049
2021-02-02,3.2600000000000002,1.3124495211722629,191.87862005307488,6.847213568708895,0.0007638167762778354,991.981412253375,0.26,217.9639889196676,1.4640883977900552,72.28370165745856,991.5361878453039
2021-02-03,0.35000000000000003,0.6178517920940416,239.1293073642964,5.73127809150628,0.0,994.9397948599748,0.0,268.6398891966759,1.381767955801105,69.78646408839779,995.8370165745856
2021-02-04,0.0,0.4367511520737327,153.7205069124424,4.41639400921659,0.0011105990783410137,1004.3193663594469,0.0,151.55248618784532,0.5903314917127072,95.54337016574584,1003.8135359116022
2021-02-05,2.55,0.28609126526849504,183.80421756165015,4.407340401014058,0.00014289006683567646,1004.5105439041254,0.77,163.1657458563536,0.6549723756906077,77.27513812154696,1004.3508287292817
2021-02-06,1.1099999999999999,0.12829493087557603,203.97016129032258,0.7437096774193548,0.00031105990783410133,1004.1740092165899,0.0,33.113259668508285,0.0,88.13878116343491,1003.2393351800555
2021-02-07,0.73,2.0843105632991588,66.40329455131898,-0.45574242598778947,0.0002326920861651884,1003.2106439350305,0.0,68.11878453038673,2.4121883656509695,58.232686980609415,1002.9204986149582
2021-02-08,0.0,1.1630286965541086,48.2852368330068,-2.9190503630286964,4.2641465944450856e-05,1002.0602973377895,0.0,53.38121546961326,1.2135734072022162,74.84681440443214,1001.7875346260386
2021-02-09,2.33,0.7161729106628242,53.24023054755043,-2.364657060518732,8.069164265129683e-06,1004.1161268011527,0.29000000000000004,53.828729281767956,0.8113573407202216,62.593905817174516,1003.6163434903048
2021-02-10,4.89,0.4050726308508185,42.12197371454923,-2.888240719391284,0.0,1012.434240258243,1.01,46.421052631578945,1.2104972375690608,47.52458563535912,1014.749723756906
2021-02-11,0.93,0.690121037463977,107.23688760806917,-3.312691642651297,2.3054755043227664e-06,1020.8685648414986,0.37,105.75623268698061,1.6674033149171268,49.21132596685083,1020.9679558011051
2021-02-12,5.96,1.1721511694895723,109.00195875100817,-2.126558359257979,0.0,1023.9337826938588,0.27,119.9060773480663,1.3323204419889503,49.36685082872929,1024.7301104972373
2021-02-13,0.86,2.1590825265099123,129.96438450899032,-2.9859036422314436,0.0,1024.944133241125,0.0,128.55833333333334,2.4582872928176793,43.49640883977901,1024.52182320442
2021-02-14,0.0,2.8785747232472323,152.83152675276753,0.6227629151291514,0.00018680811808118082,1017.6535170664207,0.0,146.2437673130194,3.506077348066298,73.82016574585636,1015.2455801104973
2021-02-15,1.7100000000000002,0.5323495503804473,176.45376988701867,6.271754669126124,0.00014756744293290293,1012.6160940742449,0.0,157.54972375690608,0.2314917127071823,71.98425414364641,1013.5640883977902
2021-02-16,0.6300000000000001,1.0143483275663205,196.29388696655133,7.149965397923876,0.00035524798154555945,1005.4988119953863,0.6300000000000001,179.8393351800554,1.3395027624309392,72.09972375690607,1003.640055248619
2021-02-17,0.36000000000000004,1.329131136206499,192.57179073519245,7.486137358838444,0.0011281401244526389,1004.8461511869094,0.0,205.84254143646407,0.5290055248618785,89.58066298342541,1004.8734806629833
2021-02-18,3.3200000000000003,1.8905853883383268,201.49469923945608,5.7264346623646,0.0005127909656602904,1000.2008873012213,0.94,227.85041551246536,3.2754143646408833,47.62872928176795,1000.6743093922652
2021-02-19,0.0,1.8361991471706807,174.91010717990088,6.2500288118013145,0.0,1002.8360032269218,0.0,171.73480662983425,2.4464088397790054,85.06988950276244,1001.7342541436464
2021-02-20,0.26,1.844393223464331,171.05266797280166,9.937374668664283,0.0,999.3182436325919,0.0,163.91712707182322,2.33061797752809,58.64887640449438,997.7488764044944
2021-02-21,0.0,0.19311139269669395,169.57654648082018,8.752874092846447,3.571017163921208e-05,1004.723015781592,0.0,145.8725761772853,0.1643646408839779,76.3828729281768,1005.3994475138121
2021-02-22,2.76,0.030456852791878174,166.77226580526073,6.025196123673282,0.00011652053530226119,1011.1375288417166,1.0,243.75069252077563,0.0,62.35441988950276,1012.7936464088395
2021-02-23,2.61,1.7258614728592832,177.8471822058315,7.52610349199032,4.609888210210903e-06,1016.5197303215398,0.19,171.97513812154696,2.4293628808864267,60.9578947368421,1016.416897506925
2021-02-24,0.97,2.364934915332335,193.8194908420689,11.196025803478861,0.0,1016.0459394079024,0.0,193.72651933701658,1.8091160220994478,67.2,1015.839226519337
2021-02-25,1.46,0.37480414746543783,266.990668202765,6.8819470046082944,0.0,1021.9208064516129,0.21000000000000002,265.6160220994475,0.387292817679558,49.95331491712707,1023.1262430939227
2021-02-26,8.82,0.07440681870536744,281.7970513706519,4.201301543423174,0.0,1031.0146855563235,0.54,232.42382271468145,0.3580110497237569,44.687845303867405,1031.4093922651932
2021-02-27,9.01,0.00939875604699378,155.81847500575904,3.6318244644091218,0.0,1034.185418106427,0.6400000000000001,153.59279778393352,0.06104972375690608,51.52734806629834,1034.0701657458565
2021-02-28,8.219999999999999,0.12811888031332797,33.524824328994356,3.2154705679069226,2.3038820412394885e-06,1030.6200207349382,1.01,0.0,0.6658402203856749,56.10606060606061,1029.32782369146
2021-03-01,4.300000000000001,0.2790528862772209,50.14506279525291,2.8597879940085265,1.1522064754003917e-06,1026.169408918078,1.01,48.02493074792244,0.7464088397790055,62.90801104972375,1025.1875690607735
2021-03-02,1.07,0.10730498905403847,49.67208203710105,1.9321235165341626,0.0,1024.4920382532553,0.8300000000000001,71.96132596685082,0.24337016574585638,69.8975138121547,1023.7933701657457
2021-03-03,0.0,0.00671900253982914,103.77003001616255,3.999064881089817,0.0003555760794273839,1021.8682521357655,0.0,173.72375690607734,0.0,85.6546218487395,1021.2002801120447
2021-03-04,0.0,0.16076036866359447,70.45437788018434,2.1468663594470043,0.0001797235023041475,1020.5872695852535,0.0,150.1049723756906,0.06740331491712707,77.91077348066298,1020.3941988950274
2021-03-05,0.0,0.3454755043227666,53.46040345821326,2.0454293948126803,0.0,1026.4447838616716,0.0,38.60220994475138,0.7609418282548478,48.381440443213286,1027.0163434903047
2021-03-06,3.7499999999999996,0.08229598893499308,120.67727063162748,0.3494121715076071,0.0,1027.662828492393,0.91,77.74238227146814,0.287292817679558,42.00580110497238,1026.7306629834254
2021-03-07,5.38,0.05142857142857143,195.8323732718894,1.3850921658986175,0.0,1022.1751843317971,1.02,142.74309392265192,0.27146814404432135,42.3409972299169,1020.7620498614958
2021-03-08,1.3399999999999999,0.044258704173391755,276.32430251325803,3.769114595342402,0.0,1018.6689301360386,0.43000000000000005,257.3213296398892,0.17900552486187848,42.129558011049724,1017.8046961325966
2021-03-09,8.370000000000001,0.7035615491009681,237.3710235131397,4.068775933609959,0.0,1015.2849239280774,0.32,266.93093922651934,1.3187845303867403,45.23425414364641,1014.8218232044201
2021-03-10,0.0,2.755868111597879,194.99377449850127,6.150334332487895,0.00040350472676965645,1001.8667627392207,0.0,191.59116022099448,3.5606648199445985,88.32991689750693,998.4542936288088
2021-03-11,3.6000000000000005,4.130171718335831,240.88394606430793,6.048092658753025,0.00047366601359917027,994.1890284660597,0.16000000000000003,247.8060941828255,3.66878453038674,67.2732044198895,996.0055248618785
2021-03-12,3.7,2.5577588194604566,220.99930827761125,4.689739451233571,0.00024556144800553376,998.4434055798939,0.5900000000000001,226.08963585434174,4.538950276243094,52.28093922651933,998.5928176795579
2021-03-13,4.359999999999999,3.1729661212260885,254.197395713298,4.002638856879465,0.00043327955750172855,994.1758239225629,0.6100000000000001,266.9779005524862,4.74889502762431,42.4292817679558,996.5165745856353
2021-03-14,1.6800000000000002,2.0134409221902017,269.3051296829971,5.309602305475504,2.420749279538905e-05,1009.8164956772334,0.0,286.0911602209945,2.878947368421053,55.85678670360111,1011.6963988919669
2021-03-15,2.83,1.3301347770994125,308.5020158967861,6.9882847598202975,3.340628959797258e-05,1017.0058173021541,0.6799999999999999,321.3961218836565,3.146961325966851,50.569060773480665,1018.6668508287294
2021-03-16,10.98,1.150415224913495,271.07946943483273,7.4892272202998855,0.0006020761245674742,1023.0708650519032,0.71,301.79834254143645,2.9185082872928176,66.55441988950277,1023.1516574585636
2021-03-17,2.21,0.1738709677419355,234.85645161290321,4.565299539170506,0.0,1027.817880184332,0.7100000000000001,279.47091412742384,0.5958563535911602,55.211878453038665,1027.275138121547
2021-03-18,0.0,0.9177419354838711,289.6020737327189,5.468387096774193,0.0,1023.8992857142856,0.0,289.4640883977901,1.4747922437673129,67.793351800554,1022.375623268698
2021-03-19,0.7500000000000001,0.5897279225270925,94.22849896241642,5.515609868572747,4.6114825916532164e-06,1023.6557989393591,0.06999999999999999,67.34349030470914,1.1370165745856353,61.04530386740332,1024.5662983425414
2021-03-20,0.0,0.20189092586187019,242.137207425343,5.758111380145278,4.612014297244321e-06,1025.5778969214807,0.0,299.53867403314916,0.3419889502762431,69.96602209944753,1024.7925414364643
2021-03-21,0.54,0.14332296347505474,171.34370319161195,6.591623458923839,0.0,1023.6063601797443,0.0,117.26592797783934,0.24337016574585635,51.88397790055249,1023.2314917127073
2021-03-22,7.889999999999999,0.11365522009679649,302.01267573173544,5.196704309748791,0.0,1021.5082161788431,1.02,273.8453038674033,0.4928176795580111,52.91022099447514,1020.8502762430937
2021-03-23,2.2800000000000002,0.7500461041954819,229.4875518672199,5.691343937298293,0.0,1018.786479944675,0.64,222.54293628808864,2.5273480662983423,51.07071823204419,1017.8060773480664
2021-03-24,3.52,0.4665937104020274,216.2320009215528,6.6939523096417455,0.0,1015.85642207119,1.01,208.86187845303868,1.204696132596685,34.062983425414366,1015.2651933701658
2021-03-25,1.3399999999999999,0.6449245304758612,204.08929600184354,5.985781772093559,4.378384606521489e-05,1013.3020970157853,0.0,208.06925207756234,1.3030386740331492,74.41519337016574,1012.3941988950277
2021-03-26,2.61,2.1073404010140586,217.69751094722287,6.328324498732427,0.00038603364830606143,1006.3465314588616,0.09,193.67127071823205,3.361878453038674,50.85690607734806,1005.1361878453039
2021-03-27,4.0200000000000005,1.691116488074663,233.92303260744325,5.137550409033298,0.0,1015.7215693052195,0.03,255.97783933518005,2.095290858725762,41.31218836565097,1017.8650969529084
2021-03-28,0.0,2.917380759902991,210.61080956230512,8.277861184894329,0.0,1016.9615660006929,0.0,211.72099447513813,2.674238227146814,72.58781163434902,1017.2204986149584
2021-03-29,4.35,1.3044039658750288,207.167396818077,9.929709476596727,0.0,1021.2275997233112,1.01,209.26944444444445,1.3146408839779007,54.802762430939225,1022.0712707182322
2021-03-30,9.719999999999999,0.10072597372666513,186.17054620880387,11.754413459322425,0.0,1022.029453791196,1.01,173.16897506925207,0.3411602209944751,22.955248618784534,1021.1895027624308
2021-03-31,0.26,0.012344541685859052,173.84143251957624,13.431943804698296,0.0,1015.9065062183325,0.0,178.63259668508286,0.0776243093922652,47.19198895027624,1014.6983425414365
2021-04-01,0.0,1.0481852748012443,62.42458808618505,6.484295425740293,0.0,1020.9484041940317,0.0,54.18836565096953,1.1941988950276243,67.94558011049723,1021.7491712707183
2021-04-02,3.0600000000000005,0.8418845755097338,53.45697500287985,4.453208155742426,0.0,1025.4845755097338,0.7,53.16111111111111,1.7417127071823204,52.64364640883978,1025.8375690607734
2021-04-03,1.93,0.5539453979956226,69.16403640133625,3.8994585877203085,0.0,1026.8729063471949,0.22999999999999998,53.3601108033241,0.5748618784530387,51.53839779005525,1026.7624309392265
2021-04-04,11.489999999999998,0.5559870923130114,242.1780569321194,5.792866197994698,0.0,1020.3414889938919,1.01,250.36187845303868,1.3941988950276245,37.24116022099447,1017.9759668508287
2021-04-05,6.4399999999999995,2.204093634686347,270.9407287822878,2.9887338560885612,0.0,1015.2385954797047,1.02,77.06629834254143,3.2113259668508287,18.866022099447513,1016.6558011049724
2021-04-06,4.39,1.315387275242047,290.6415398801291,0.32822729368372516,0.0,1016.6257146150301,0.39999999999999997,289.41160220994476,1.7988950276243094,36.67872928176795,1014.9030386740333
2021-04-07,0.0,0.5867020050702928,282.8611431205347,0.5584581700852731,0.0,1019.0269071214566,0.0,273.939226519337,1.3867403314917126,43.97044198895028,1019.4212707182319
2021-04-08,0.99,0.8607768556938682,222.52408944213923,5.1288612263716,0.0,1016.0172775472569,0.0,224.8011049723757,2.145580110497238,52.197237569060775,1014.5773480662983
2021-04-09,3.11,0.38598755473611435,184.31758469693477,5.174936621341323,0.0,1009.7391103941001,0.0,254.79005524861878,0.3494475138121547,77.95469613259668,1009.2690607734808
2021-04-10,0.0,0.23327953890489914,102.64230547550433,2.4444610951008645,0.0005118155619596543,1010.279469740634,0.0,50.48342541436464,0.2961325966850829,86.54088397790056,1009.9168508287291
2021-04-11,4.460000000000001,0.26629019246283275,220.3800852829319,1.1239598939725715,0.00010026506857208713,1015.9208712688718,0.67,275.8337950138504,0.8292817679558012,42.58674033149172,1016.7234806629834
2021-04-12,3.73,0.022529371112646857,255.62485602395762,2.3684634876756503,0.0003328726099976964,1023.4588574061277,0.01,277.8121546961326,0.10941828254847645,37.68614958448754,1024.2055401662049
2021-04-13,8.65,0.05607422775472568,212.80601659751036,5.3809820193637625,0.0,1026.5976371599816,0.21000000000000002,111.2292817679558,0.16869806094182824,32.82603878116343,1026.0839335180053
2021-04-14,3.33,0.31410138248847935,82.80426267281106,4.985011520737326,0.0,1027.045887096774,0.06,96.18508287292818,0.8185082872928177,35.00386740331491,1026.7839779005524
2021-04-15,4.67,0.3539463071782463,46.684525867035376,3.3720129047125247,0.0,1027.6155317432886,0.05,65.66022099447514,1.012707182320442,41.19198895027624,1026.8295580110496
2021-04-16,1.4300000000000002,0.11754810462034797,55.67081460997811,3.4384606521488648,0.0,1025.735741444867,0.02,81.04709141274238,0.22872928176795584,43.94198895027624,1024.7983425414366
2021-04-17,12.44,0.1468627450980392,74.79873125720877,5.265801614763553,0.0,1023.6917531718569,1.02,152.34806629834253,0.23204419889502761,23.809944751381213,1022.4977900552486
2021-04-18,9.88,0.11072827840516247,137.62871629407698,6.6600714450334175,0.0,1020.1868402857801,0.09000000000000001,116.146408839779,0.2409972299168975,25.888365650969533,1019.2664819944597
2021-04-19,11.93,0.07320811246831067,126.12479834063149,8.19607052316202,0.0,1016.7076630560036,1.02,40.04696132596685,0.1714681440443213,28.831578947368424,1015.3523545706372
2021-04-20,7.67,0.030988023952095812,141.19092584062645,9.798318747121142,0.0,1014.1614578535236,0.1,162.22375690607734,0.08121546961325968,34.16436464088398,1013.3414364640881
2021-04-21,2.16,0.4829993089149965,86.7793135222299,6.980119788067265,0.0,1017.5420294862935,0.0,56.03867403314917,0.7000000000000001,44.33314917127071,1018.0767955801106
2021-04-22,12.709999999999999,0.33196220762760686,111.83696278373084,6.548047010024195,0.0,1022.2698928447978,1.02,91.97237569060773,0.2254847645429363,24.168975069252078,1022.0252077562328
2021-04-23,12.009999999999998,0.4946828143021914,107.82687427912342,7.945882352941175,0.0,1023.1385351787774,1.05,121.56629834254143,1.3075842696629214,20.295224719101125,1022.2862359550561
2021-04-24,12.76,0.7226126022347655,92.15700956111047,8.813604423453521,0.0,1022.5041930653151,1.02,103.46408839779005,1.684806629834254,30.947513812154696,1021.9121546961325
2021-04-25,10.799999999999999,1.0784471835042044,48.101946780324845,5.976707752563069,0.0,1023.2936758437968,1.02,61.947513812154696,1.9828254847645428,38.74653739612188,1022.6479224376732
2021-04-26,9.52,0.38694047069681586,50.448315643747115,5.653853253345639,0.0,1016.856033687125,1.02,60.99171270718232,0.8267955801104973,34.2024861878453,1014.9569060773481
2021-04-27,0.32,0.03913745387453875,158.42446955719558,6.714944649446496,0.0005984778597785979,1006.8369234317344,0.0,166.4349030470914,0.026519337016574586,49.52044198895028,1004.9091160220994
2021-04-28,0.0,0.23502479529466036,81.40375965863223,5.082401107138739,0.0010321762195825163,1004.4756544804519,0.0,50.1353591160221,0.16426592797783932,72.80914127423823,1004.3016620498615
2021-04-29,4.5,0.17759336099585063,188.36537574919316,4.199999999999999,0.0,1008.9251037344397,0.5800000000000001,220.3977900552486,0.1337950138504155,40.97479224376731,1009.1110803324101
2021-04-30,4.220000000000001,0.08656217586723522,128.18750720295031,5.352195459260113,0.0,1011.6905036302869,0.73,96.01662049861496,0.03545706371191136,38.97202216066482,1011.1163434903049
2021-05-01,1.58,0.0956316274781005,217.95447210696173,5.025599354541263,0.00012909174734900878,1013.1063162747811,0.0,171.3977900552486,0.01772853185595568,47.14459833795014,1012.7249307479226
2021-05-02,5.550000000000001,0.19956216153934786,186.2008295886623,6.510600299573683,5.761032377001959e-06,1016.1224219380113,0.02,277.54696132596683,0.3406077348066298,27.93121546961326,1015.8933701657456
2021-05-03,0.0,2.5385750518791794,214.78095457689648,6.759050034586119,0.0011125201752363385,1006.5951925293981,0.0,211.29444444444445,3.5770083102493073,73.84404432132965,1003.2313019390582
2021-05-04,4.06,3.0957929921622864,272.33978792070076,6.683540802213001,1.0373443983402491e-05,998.6951705855233,0.65,273.5718232044199,4.0444751381215465,39.92734806629834,1001.4411602209943
2021-05-05,6.48,0.5473211199446941,264.2798709528748,3.966436225371586,0.00032031340016130895,1006.115600875677,0.48,291.1878453038674,0.01270718232044199,64.53812154696132,1007.0696132596686
2021-05-06,5.31,0.7578722913785153,256.93626094974644,4.960650069156293,1.7289073305670816e-05,1004.749020285846,0.95,238.46537396121883,1.5453038674033148,29.10193370165746,1003.9870165745856
2021-05-07,5.449999999999999,0.5653416292199562,237.39981564696393,6.62348196796866,0.0,1011.6457195529438,0.0,273.19390581717454,0.9544198895027625,33.51878453038674,1012.5408839779006
2021-05-08,0.0,2.0821305049573438,178.41537929444317,9.112162785335487,0.0013327184689877797,1000.8637422181231,0.0,189.70083102493075,2.429916897506925,89.86454293628807,999.2698060941829
2021-05-09,0.15000000000000002,1.4845568744957935,192.33502362567708,11.82212746340901,0.00010257001267719259,994.7023971418693,0.0,199.88022284122562,1.9842105263157894,69.4185595567867,994.6113573407204
2021-05-10,5.1,1.8195231513476156,191.75719880211932,9.85137065192352,0.00016586040082930203,997.8691430545957,0.42999999999999994,205.08839779005524,3.9403314917127075,46.598066298342545,999.4124309392266
2021-05-11,1.8900000000000003,0.6826783450501326,169.37662786677424,8.577722715224157,0.0003203872306096577,1003.8597556759248,0.9100000000000001,157.41436464088397,2.0345303867403315,37.59226519337017,1003.8060773480664
2021-05-12,2.8200000000000003,0.3344656840165822,177.5350069092584,9.67707277752188,3.339474896361124e-05,1005.3076462459695,0.10999999999999999,217.45429362880887,0.5204419889502762,41.646961325966856,1005.3295580110496
2021-05-13,0.0,0.2429953917050691,54.34078341013825,8.294596774193547,0.001175115207373272,1003.8557718894011,0.0,55.418282548476455,0.22790055248618785,84.6171270718232,1003.7024861878455
2021-05-14,1.5399999999999998,0.10148754612546125,91.7503459409594,7.435931734317343,0.0006745848708487086,1006.3291858856088,0.0,46.806629834254146,0.0,63.693646408839776,1006.9077348066301
2021-05-15,1.48,0.19522876570243172,182.05785409703816,8.083208482194307,0.0005785409703814683,998.4971649187505,0.0,127.36842105263158,0.5102493074792244,73.97202216066482,997.1293628808863
2021-05-16,2.38,0.3968292401706445,191.13109650639916,8.72487028709789,0.00015219647180906263,995.805430646835,0.0,189.72375690607734,0.7870165745856353,76.87016574585635,994.5162983425415
2021-05-17,1.4100000000000001,0.3030990783410138,255.17269585253456,9.066566820276497,0.00036751152073732717,1003.430944700461,0.0,293.14404432132966,0.1569060773480663,76.42375690607736,1005.4588397790054
2021-05-18,3.19,0.4124106937082277,251.73357916570637,8.867123761235309,5.761696243374049e-05,1009.8842244756855,0.26,223.95580110497238,0.6285318559556787,58.1628808864266,1009.9398891966758
2021-05-19,6.74,0.7197717316117133,257.73068941664746,9.26687802628545,0.0004219506571362693,1014.3981438782569,0.26,301.1994459833795,1.8419889502762432,42.40469613259668,1015.9303867403316
2021-05-20,0.12,2.117506050478276,189.13645269102224,8.285559525181515,7.836809957358534e-05,1007.0885790019594,0.0,155.09944751381215,2.8196675900277013,79.36426592797784,1002.5149584487535
2021-05-21,0.0,3.707655061102145,222.32476366151718,8.251406502190456,0.00032049804011989857,993.597279225271,0.0,216.93074792243766,3.4504201680672266,83.63697478991597,993.2801120448179
2021-05-22,0.29,0.6582564575645756,270.9526060885609,7.625611162361624,0.00024907749077490775,1001.4700299815498,0.0,314.7790055248619,0.5950276243093924,66.09475138121547,1003.5508287292819
2021-05-23,0.67,1.360949746426925,198.37759336099586,6.9006224066390045,0.00040456431535269713,1003.659877823882,0.0,190.11388888888888,2.233425414364641,67.7121546961326,1002.8276243093921
2021-05-24,3.19,0.6498444879622164,228.79564566294206,7.043266904734478,0.00020158967860845527,1001.0025112314248,0.08,168.6897506925208,0.8588397790055248,56.841160220994475,1000.2027624309393
2021-05-25,1.8199999999999998,1.4702201221620375,261.73308747262877,8.374173101302294,0.0,1010.1943183127809,0.0,290.7513812154696,2.52292817679558,57.132872928176795,1010.889226519337
2021-05-26,2.1799999999999997,0.7475169950455121,225.93109805277106,9.288524023505012,0.0,1011.7256826823366,0.0,306.03314917127074,1.491988950276243,48.76160220994474,1012.1671270718232
2021-05-27,7.89,0.10262824207492795,231.53706051873198,12.290040345821325,0.0,1016.278386167147,0.19,169.47368421052633,0.36132596685082874,38.21850828729281,1016.7395027624311
2021-05-28,0.0,0.007461999078765546,117.97892676186089,12.1740442192538,5.7577153385536626e-06,1018.9078880700138,0.0,172.69337016574585,0.029281767955801105,59.91353591160221,1018.8201657458562
2021-05-29,4.85,0.2005530591081922,81.40235050120981,14.304919921649958,0.0,1022.139347851135,0.8500000000000001,35.43370165745856,0.9337950138504155,32.7584487534626,1022.8653739612188
2021-05-30,11.189999999999998,0.2824383498501959,93.34696934777598,11.459575939156487,0.0,1022.6245333026042,1.01,70.54972375690608,0.5994475138121547,41.69558011049723,1021.779005524862
2021-05-31,7.890000000000001,0.25018998272884285,98.60253310305124,13.088140472078296,0.0,1017.2328267127231,1.01,103.21546961325967,1.1243093922651934,33.39060773480663,1015.7381215469612
2021-06-01,14.349999999999998,0.5626309126481759,78.47301185406836,16.655173207503744,0.0,1011.9142478996432,1.02,85.70441988950276,1.416574585635359,22.09254143646409,1010.8444751381214
2021-06-02,6.659999999999999,0.3413701784686241,156.1127230857801,17.33373632700058,0.0,1010.1163500287853,0.0,82.3232044198895,0.4613259668508287,51.28453038674033,1009.6657458563537
2021-06-03,0.99,0.46588790424674886,234.4811831050754,14.607239037863966,0.0,1015.44823339855,0.06,215.97513812154696,1.1895027624309393,54.39447513812154,1016.3842541436462
2021-06-04,3.38,0.06206539258577021,202.06193875201473,12.296833985724154,0.0,1019.2998273083123,0.0,238.15745856353593,0.04889502762430939,49.854696132596686,1019.3383977900551
2021-06-05,14.79,0.30547866205305657,257.11222606689734,14.36948096885813,0.0,1020.3086159169551,0.92,317.08839779005524,0.8712707182320443,34.14033149171271,1019.9977900552485
2021-06-06,1.91,0.09499136442141624,208.931375935521,15.437443868739207,0.0,1020.2046401842258,0.43,202.86703601108033,0.03977900552486188,49.92348066298342,1019.9513812154695
2021-06-07,1.5200000000000002,0.35421991940126657,208.14289004029936,15.557593552101325,0.0,1019.5434772596433,0.0,211.73204419889504,0.8677777777777778,54.19416666666667,1019.445
2021-06-08,14.120000000000001,0.26727691421991945,232.92769142199194,15.456868163500287,0.0,1018.8821991940127,0.8700000000000001,236.0331491712707,0.7149171270718232,41.96933701657459,1018.5759668508288
2021-06-09,9.7,0.6306815565277457,238.80877273773888,16.17996776421828,0.0,1017.7094865300485,0.0,211.63812154696132,1.3831491712707182,47.120165745856355,1017.3361878453037
2021-06-10,2.25,0.4593148066460815,212.0126451992354,16.060888104690488,0.0,1016.748919276577,0.0,,1.3632596685082874,62.511325966850826,1016.6947513812155
2021-06-11,3.3000000000000003,1.25823732718894,236.43260368663596,16.378675115207372,0.0,1016.4813594470045,0.0,241.6988950276243,2.5500000000000003,56.330662983425405,1016.7908839779005
2021-06-12,12.36,0.3904986755729587,288.46688932396637,15.836554186341129,0.0,1020.2069906714268,1.02,264.6933701657459,0.6892561983471074,40.09724517906336,1021.1055096418734
2021-06-13,13.709999999999999,0.10460829493087558,161.33064516129033,18.29208525345622,0.0,1022.1194815668205,0.94,248.27272727272728,0.2647382920110193,41.74269972451791,1021.4016528925621
2021-06-14,7.84,0.6394635117722854,230.7907930186248,17.71538011010894,0.0,1018.0346726016165,0.01,251.21546961325967,1.1277008310249308,46.66620498614959,1017.3537396121883
2021-06-15,13.619999999999997,0.17706390328151986,157.7826137017847,16.21200921128382,0.0,1017.5115947035117,1.02,127.50552486187846,0.27458563535911606,34.3146408839779,1016.6093922651933
2021-06-16,8.78,0.33436924493554326,195.88259668508286,18.358068600368323,2.3020257826887664e-05,1009.5367978821364,0.36,199.36187845303868,0.7961325966850828,46.86795580110496,1008.1577348066297
2021-06-17,0.0,0.18611398963730572,193.61208981001727,15.995854922279793,0.0003177892918825561,1009.1952561888314,0.0,235.36740331491714,0.19668508287292819,68.74171270718232,1010.1085635359117
2021-06-18,0.0,0.6979027425674118,163.197395713298,10.728889144964278,0.003372896980871169,1011.7540216639779,0.0,78.89502762430939,0.6676795580110497,98.90027624309393,1010.7972375690607
2021-06-19,0.0,0.09652073732718895,84.21947004608295,11.211728110599077,0.000838709677419355,1010.9621428571429,0.0,39.54570637119114,0.5707182320441989,68.77320441988951,1010.5444751381215
2021-06-20,0.0,0.40453969351307756,40.612282521027765,10.65597419057495,1.2674271229404309e-05,1006.8282636248416,0.0,36.70718232044199,0.5477900552486188,96.60939226519339,1006.7933701657457
2021-06-21,0.07,0.7951436151805282,51.57180759026416,10.042080978198179,0.00032991117775983393,1010.7864920982812,0.0,60.56022408963585,0.3831491712707182,83.37845303867404,1011.5740331491714
2021-06-22,3.3899999999999997,0.6434832756632065,74.3524798154556,10.713644752018455,0.0002260668973471742,1017.4500922722028,0.0,71.6398891966759,0.9640883977900553,50.30414364640884,1018.0820441988952
2021-06-23,11.689999999999998,0.058986175115207366,229.9729262672811,13.001152073732719,0.0,1019.3707142857144,0.71,89.83701657458563,0.08011049723756905,33.07762430939226,1018.981491712707
2021-06-24,0.06999999999999999,0.14688256309784486,275.8536360493258,13.991759824824248,0.0,1017.4464907226001,0.0,299.8421052631579,0.055401662049861494,69.66315789473684,1017.1861495844877
2021-06-25,0.6000000000000001,0.31146049297396916,265.1074637180373,13.347339322736696,0.00018659295093296477,1013.0311564155725,0.09,294.66574585635357,0.44613259668508287,44.613812154696134,1012.4798342541437
2021-06-26,1.8400000000000003,0.5138693698882617,50.153553738048615,14.293629766155973,3.4558230618592325e-06,1014.3110125561572,0.0,59.61878453038674,0.3834254143646409,57.78591160220994,1014.1585635359116
2021-06-27,0.0,0.775426267281106,49.584216589861754,13.255437788018435,0.00019700460829493086,1012.8504032258064,0.0,56.171270718232044,0.4179558011049724,80.63232044198894,1011.9831491712708
2021-06-28,0.0,0.3694213923467035,47.66459197786999,12.395666205624712,0.0007941447671738129,1011.8766136468419,0.0,30.853591160220994,0.1789473684210526,96.8005540166205,1012.4512465373962
2021-06-29,0.0,0.17196681645350848,92.95575527134463,12.957541191381496,2.3044129508007833e-06,1012.5866920152092,0.0,68.08864265927978,0.3143646408839779,63.864088397790056,1012.9715469613259
2021-06-30,0.72,0.04595062298107983,185.04049377018922,12.85903322565759,0.0,1014.0302145823717,0.0,99.03611111111111,0.021823204419889504,57.875966850828725,1014.1165745856354
2021-07-01,2.45,0.008161383285302594,102.4285878962536,14.234593659942362,0.0,1014.2893487031699,0.0,65.36740331491713,0.0718232044198895,60.10110497237569,1014.1408839779007
2021-07-02,1.29,0.03772303441924715,210.31794635662484,15.983342926211582,1.1511453896627144e-05,1012.6988718775181,0.11000000000000001,37.05524861878453,0.08701657458563536,43.25718232044199,1012.8038674033147
2021-07-03,0.8400000000000001,0.32262000690687226,179.03395878899505,15.722573961091285,0.00024174053182917003,1008.8161851041785,0.01,168.5635359116022,1.3950276243093922,66.6596685082873,1008.2337016574585
2021-07-04,0.71,0.45058132842177967,185.6904570047197,14.656544261540231,0.000346494762288477,1004.5288016576495,0.0,176.70994475138122,1.0941988950276242,63.264088397790054,1002.6732044198895
2021-07-05,4.2700000000000005,0.7951514453529887,196.3666935390994,13.716330761257629,0.0009489807670160083,1001.8844523782102,0.0,265.1325966850829,1.281767955801105,49.64668508287292,1002.1118784530387
2021-07-06,2.67,1.3415179085569504,222.31820799262928,12.989128181504089,0.0003385926523091098,998.246746516181,0.19,262.28729281767954,3.5069060773480665,50.164917127071824,1001.0991712707183
2021-07-07,0.8,0.780467849734962,207.89168011062458,14.479280940308827,0.00020626872551279097,1008.388822309288,0.32,213.45152354570638,0.3093922651933702,77.74281767955802,1009.7367403314918
2021-07-08,1.4500000000000002,0.040838419900955894,250.04330300587355,15.59993089945871,1.1516756881262236e-06,1015.7749510537833,0.5800000000000001,263.77348066298345,0.0,42.8110497237569,1016.3060773480661
2021-07-09,2.09,0.2643622537158659,245.37204747090678,15.710496600990897,0.0,1016.9325152667359,0.04,254.8977900552486,0.30856353591160224,46.53563535911603,1016.3919889502762
2021-07-10,0.3,0.0,184.901680865761,12.792401565737968,0.00035229104305779417,1013.184434722542,0.0,226.80886426592798,0.0,62.02790055248619,1012.3113259668507
2021-07-11,4.359999999999999,0.2135960364097246,177.54660675192994,13.686484618043554,8.295886622882821e-05,1011.8791450627953,0.0,180.33608815426996,0.4400552486187846,61.22955801104972,1011.4439226519336
2021-07-12,0.37,0.09631548647092689,157.0259067357513,14.939873344847436,0.00027864133563615433,1008.9321128382269,0.0,45.76243093922652,0.24337016574585635,61.09254143646409,1008.3337016574585
2021-07-13,3.95,0.2130039161483529,195.95323658143286,16.181144897489055,0.0,1012.6046878599401,0.62,278.4376731301939,0.7519337016574585,51.47486187845304,1013.3892265193367
2021-07-14,10.67,0.7744732297063903,299.1988485895222,16.69370178468624,0.0,1015.8903051237767,0.96,276.5927977839335,2.2682320441988946,44.33563535911602,1016.1005524861879
2021-07-15,3.1500000000000004,0.31327188940092165,175.29158986175116,15.736232718894012,0.0,1019.5758179723501,0.01,219.23480662983425,0.5958563535911602,55.16961325966851,1020.3281767955801
2021-07-16,12.14,0.16948156682027649,72.90771889400922,17.916785714285716,4.608294930875576e-06,1023.2083410138249,0.43,156.4016620498615,0.42203856749311297,44.94380165289256,1023.2823691460055
2021-07-17,15.21,0.15193967998158167,143.64590767813974,20.093944975250373,0.0,1024.4445953723953,1.02,86.7961432506887,0.3168508287292817,36.085082872928176,1024.1756906077349
2021-07-18,13.379999999999999,0.0,272.8045553893938,22.120004601403426,0.0,1021.5397216150927,0.87,96.19060773480663,0.0,33.42955801104972,1020.914364640884
2021-07-19,13.29,0.0,238.9301737029794,22.45335327274819,0.0,1018.118647187392,1.0,232.62154696132598,0.0,30.515151515151516,1017.3859504132231
2021-07-20,14.25,0.19865455381784727,225.54680312787488,22.864960901563936,0.0,1017.232497700092,1.02,272.5289256198347,0.9732782369146005,27.652617079889808,1016.9685950413223
2021-07-21,13.030000000000001,0.11408855664174812,99.77699827487062,21.337711328349627,0.0,1019.7309028177112,0.96,101.79889807162535,0.21132596685082872,40.90580110497238,1019.8574585635358
2021-07-22,13.71,0.07407705577918346,76.1384703852789,21.287590569292696,0.0,1019.5340885566418,0.72,281.77624309392263,0.1399449035812672,31.339118457300277,1018.8873278236914
2021-07-23,6.0,0.8135626366041643,79.8177844242494,18.236051995858737,0.0,1014.3464741746233,0.0,77.11845730027548,1.364088397790055,50.350828729281766,1012.8270718232045
2021-07-24,0.0,0.604163980920459,66.07309526878949,15.211731339435348,0.00013793992522882558,1007.2286966610803,0.0,,0.0,66.95082872928177,1006.6558011049724
2021-07-25,0.0,0.09471563435413309,69.80508864839972,15.384054800828922,1.1512779184895235e-06,1006.7359083582777,0.0,178.33701657458565,0.10801104972375691,70.35939226519336,1006.6908839779006
2021-07-26,4.77,0.1829784785360801,182.05938542985385,18.32016342502014,0.0,1007.8536885717573,0.32,298.8729281767956,0.299171270718232,39.110497237569064,1007.5754143646409
2021-07-27,1.03,0.1284003224691927,228.88022572843488,15.916618680179662,0.0010664516872048832,1006.0079004952205,0.0,191.24861878453038,0.08093922651933702,75.60911602209944,1005.2776243093923
2021-07-28,3.64,1.1661063780796685,239.33317982961086,14.057241538107299,0.0001795993552843657,1004.9129288510245,0.26,235.17955801104972,2.7765193370165746,52.77044198895028,1004.2530386740333
2021-07-29,10.28,1.4937168549688724,232.83606179386672,14.307113211897624,5.994927369149182e-05,1007.2594420106064,0.56,246.5303867403315,2.492817679558011,37.646961325966856,1008.0726519337018
2021-07-30,0.6900000000000002,1.858486000691324,214.53704343818413,12.85248300495449,0.0010992049775319739,1001.0349694665284,0.0,148.40997229916897,2.447933884297521,77.25096418732782,1001.1264462809918
2021-07-31,0.21,0.23514572053910837,256.8578504780555,13.630031102407557,0.0001785508581960604,1007.0268747840112,0.0,284.393351800554,0.5171270718232044,64.76519337016575,1007.3654696132595
2021-08-01,1.4,0.05099078341013825,193.42857142857142,13.650334101382489,4.032258064516129e-05,1009.1281451612904,0.0,305.1024930747922,0.1146814404432133,63.76759002770083,1009.6127423822717
2021-08-02,0.54,0.09980421513301853,103.82010825751469,13.042301048024877,0.0012011977427156513,1011.7622595877,0.0,163.1022099447514,0.008839779005524863,73.08591160220995,1011.4386740331491
2021-08-03,2.9600000000000004,0.02204951065054692,180.10949913644214,14.557616580310881,4.605641911341393e-06,1010.3006102475533,0.05,148.82825484764544,0.09449035812672177,42.23388429752065,1009.6630853994492
2021-08-04,10.41,0.06863196683555967,159.42204053431598,16.051692768309533,0.0,1009.9682519576234,1.02,132.21823204419888,0.09917127071823206,31.839226519337014,1009.6856353591158
2021-08-05,1.01,0.7872166926489986,166.16944477755126,13.729907662789305,0.0003777431346684254,1001.9395371147621,0.0,164.0110497237569,1.9997245179063357,93.2181818181818,999.029476584022
2021-08-06,4.0,1.5871177131444265,216.7166396205218,14.659468231182124,4.493820996130321e-05,997.0107602047184,0.51,238.4668508287293,2.5400552486187844,53.99668508287293,998.3008287292816
2021-08-07,2.16,1.1063680331644403,203.5199216950714,13.760766927683095,0.0,996.3206586826349,0.0,171.51657458563537,1.4041436464088397,62.2303867403315,994.8533149171271
2021-08-08,2.88,1.9584562211981564,226.15184331797235,13.351463133640552,7.258064516129032e-05,1003.3093433179723,0.18,223.02762430939225,2.7401662049861493,61.04515235457063,1005.0919667590028
2021-08-09,2.8,0.8354515050167224,221.86852727482412,14.044435474570406,0.00013839234229039328,1008.5842694037595,0.04,262.3508287292818,1.1238227146814406,62.01772853185596,1009.3365650969528
2021-08-10,2.93,0.33796242941108673,243.7508355422381,15.085133110522069,0.0,1012.3592601129421,0.57,245.5939226519337,0.6604972375690609,45.466022099447514,1012.431491712707
2021-08-11,5.24,0.7553528121030142,231.12126111560227,15.530084305347037,0.0,1014.5856796396813,0.36,223.46107784431138,1.5215469613259667,51.37265193370166,1014.3549723756906
2021-08-12,1.9200000000000002,0.5969934339361823,221.6089160234996,15.531862688630342,0.00016703144798986297,1014.6419191337403,0.09000000000000001,205.14917127071823,1.425414364640884,74.53425414364641,1014.1049723756906
2021-08-13,0.7500000000000001,0.8582795946568401,232.09488714877938,15.011929986181483,0.0,1017.0743781667435,0.18,227.1606648199446,2.0342541436464088,56.648342541436456,1017.6765193370167
2021-08-14,1.7200000000000002,0.3254491017964072,211.6592584062644,16.219599263012437,0.0,1015.8790764624597,0.06,218.2049861495845,0.9038674033149172,49.40745856353591,1015.2939226519337
2021-08-15,1.8900000000000001,0.7702718267680257,227.0262612301313,15.258753743377103,7.026030868463488e-05,1010.5304883667357,0.0,235.22099447513813,1.276243093922652,55.26298342541437,1009.341988950276
2021-08-16,1.32,1.0046862406447898,298.1715601611975,13.018434081750144,0.0,1014.8883246977547,0.0,306.14088397790056,1.0734806629834253,55.232596685082875,1016.6665745856353
2021-08-17,0.0,0.6374971191518783,273.227817469463,13.781389721133902,0.0,1016.2214219866329,0.0,262.5662983425414,1.261878453038674,68.72541436464088,1015.8392265193369
2021-08-18,1.85,1.1353638876093965,265.47904191616766,15.601416397973285,0.0,1013.7581644403501,0.02,286.6740331491713,1.8055248618784532,58.66629834254144,1012.8419889502762
2021-08-19,2.8000000000000003,0.5685010361501266,240.62307160948652,14.76538107299102,0.00016002763067004375,1011.2873935067925,0.16,243.9254143646409,0.9135359116022099,57.97099447513812,1010.5295580110496
2021-08-20,0.5700000000000001,0.16863987101232294,219.76425198664057,15.342105263157896,0.0,1012.9402280317862,0.0,243.05248618784532,0.09944751381215469,58.607734806629836,1013.3279005524861
2021-08-21,0.0,0.08142988717476402,140.92010131245684,15.02596131706194,0.0015093253511397654,1012.1084734054803,0.0,136.54696132596686,0.0,98.72348066298343,1011.2765193370166
2021-08-22,5.75,0.6980195739781232,277.6981001727116,15.660679332181923,1.957397812320092e-05,1016.5288313183651,1.01,305.5110497237569,2.4828729281767954,52.441712707182326,1017.8859116022098
2021-08-23,5.769999999999999,0.37508638562543195,76.87145818935728,14.978288412808109,0.0,1024.1263188205482,1.02,96.78729281767956,0.7803867403314917,43.48950276243094,1024.6237569060772
2021-08-24,8.120000000000001,0.6050057537399309,46.938780207134634,14.210609896432683,0.0,1025.6262830840046,0.5900000000000001,52.62154696132597,0.9724517906336089,44.99641873278237,1024.905785123967
2021-08-25,0.0,0.31097420543528326,52.652233993551356,14.050736987563333,7.254721326577614e-05,1022.0611814831874,0.0,59.24033149171271,0.895303867403315,61.648066298342535,1021.0505524861878
2021-08-26,3.69,0.5939564867042707,127.08829285138712,14.373258892598137,0.0,1019.1597674686313,0.36,44.171270718232044,1.1917355371900826,48.957851239669424,1018.9024793388429
2021-08-27,0.0,0.2506620610247553,78.74553828439839,12.830949913644215,0.0,1020.3349453080023,0.0,114.19667590027701,0.27063711911357335,57.5584487534626,1020.3537396121883
2021-08-28,3.7800000000000002,0.3167299942429476,58.71859527921704,13.244513529073117,0.0,1022.4129533678756,0.55,117.58839779005525,0.8337016574585636,45.01353591160221,1022.1767955801107
2021-08-29,0.04,0.39646354106669734,61.43727681142725,12.333613638981685,0.0,1021.7212533118305,0.0,72.65745856353591,0.6287292817679558,58.29475138121546,1021.3950276243094
2021-08-30,0.0,0.48690243059555355,72.43451215297777,12.588411473332565,0.0,1022.7429443612488,0.0,44.77624309392265,0.6323204419889503,70.71988950276244,1022.9621546961325
2021-08-31,0.0,0.3983633010603965,76.24400645458736,12.40662747810051,0.0,1025.5596357768557,0.0,54.574585635359114,0.7,66.33121546961327,1025.7762430939226
2021-09-01,0.0,0.35282736381434987,50.34964873891512,12.87783024300357,0.0,1026.486882413912,0.0,69.26243093922652,0.41823204419889504,65.22016574585635,1026.011878453039
2021-09-02,0.6100000000000001,0.5741188666205943,46.22414190278737,13.22642248329878,0.0,1023.7706519235201,0.42,54.209944751381215,1.328729281767956,52.924861878453044,1022.7552486187844
2021-09-03,0.81,0.2500172751353219,42.58148105493493,14.983323736035931,0.0,1018.1680640331683,0.09999999999999999,40.26038781163435,0.38563535911602215,50.12127071823205,1016.8071823204418
2021-09-04,0.51,0.042733763242745276,102.29410409949332,13.030608014739753,0.0,1015.678926761861,0.13,63.966850828729285,0.16988950276243095,63.837292817679554,1014.8281767955799
2021-09-05,7.620000000000001,0.03516002763067005,119.73106147824085,16.555595210683858,0.0,1017.2632972599586,0.84,63.04696132596685,0.00718232044198895,38.67099447513812,1017.1317679558013
2021-09-06,6.36,0.00743725535344232,223.91353902832142,18.70446695832374,0.0,1019.4966152429198,1.02,161.55801104972375,0.019889502762430938,40.90110497237569,1019.5505524861878
2021-09-07,11.600000000000001,0.32166359871145883,151.86366774045098,20.27860101242522,0.0,1017.3188564196963,1.02,155.9585635359116,1.0544198895027623,35.11906077348066,1016.2566298342542
2021-09-08,9.629999999999999,0.783950759318914,106.47261849976991,19.357581684307412,7.478140819144041e-05,1010.1723653934654,1.02,122.24585635359117,1.6284530386740332,28.7792817679558,1008.0701657458565
2021-09-09,0.44,0.44209920589250784,175.6167568189665,16.12014040741167,7.020370583496376e-05,1006.140257797215,0.24000000000000002,155.79005524861878,1.438950276243094,70.52348066298343,1005.0621546961326
2021-09-10,1.21,0.5633129964314493,222.2682168757914,16.34917693104639,5.410383331414757e-05,1008.297778289398,0.2,254.9254143646409,1.2505524861878452,63.270718232044196,1008.6436464088398
2021-09-11,3.6500000000000004,0.8556233452285024,254.51318061471164,15.473523656037758,0.0,1013.5517554967192,0.41000000000000003,256.02486187845307,1.1483425414364643,54.8767955801105,1013.9179558011048
2021-09-12,2.38,0.019578729281767956,138.9485497237569,13.827255985267035,0.0,1015.622203038674,0.0,31.38950276243094,0.006353591160220994,56.3842541436464,1015.5055248618785
2021-09-13,0.04,0.49300103603085077,93.67365028203062,14.668159318521928,0.0,1014.2627949810061,0.01,117.54696132596685,0.6911602209944752,50.75414364640884,1013.2657458563534
2021-09-14,0.0,0.06830953477660065,164.32058959005067,13.03076923076923,0.00113196683555965,1009.5802510363889,0.0,28.925414364640883,0.356353591160221,98.85,1008.7535911602209
2021-09-15,5.59,0.2120981679917041,301.87314206705844,13.835292084341514,0.0,1012.0404770134807,1.02,322.5414364640884,0.15607734806629833,54.682872928176785,1012.5494475138122
2021-09-16,5.44,0.20238259668508288,251.97133977900552,14.415745856353592,0.0,1014.1348296500921,0.5800000000000001,244.3038674033149,0.6541436464088397,50.54475138121546,1013.7519337016574
2021-09-17,2.91,0.2695522044434212,173.32220559456658,14.416576493611142,0.0,1011.3015195119144,0.43000000000000005,197.6049723756906,1.0845730027548208,52.1977961432507,1010.2250688705236
2021-09-18,6.23,0.23909289743294584,155.5556578795902,15.10321169563716,0.0,1011.0045470242892,0.25,135.18836565096953,0.8256906077348065,48.14889502762431,1010.4140883977898
2021-09-19,2.6199999999999997,0.23475658879042463,267.06709632869143,13.425664633444583,0.00016457590056393143,1012.2929796294164,0.89,322.53867403314916,0.3102209944751381,44.64502762430939,1012.3986187845302
2021-09-20,7.83,0.3951936376210235,237.00184416781929,12.861330106039649,0.0,1020.0952397418164,0.8900000000000001,195.939226519337,0.3687845303867403,52.793922651933705,1020.9513812154697
2021-09-21,5.3999999999999995,0.06149683362118596,291.1838802533103,12.840023028209558,0.0,1025.6391479562465,0.99,220.65745856353593,0.12209944751381216,46.63259668508287,1025.6140883977898
2021-09-22,5.95,0.4334753079313918,253.3170254403131,12.22289628180039,0.0,1022.7928859214919,1.01,253.91988950276243,1.3276243093922653,51.37099447513813,1021.8359116022099
2021-09-23,6.119999999999999,0.5519866405620177,261.1897961534032,14.613716457445586,0.0,1016.3920764712657,0.8700000000000001,261.3066298342541,0.6714681440443213,50.63324099722991,1015.2354570637119
2021-09-24,6.92,0.477881404720783,248.48313183649972,15.342233736327003,0.0,1012.8898791019,0.19000000000000003,230.15469613259668,1.3005524861878452,58.3657458563536,1011.6345303867405
2021-09-25,0.0,0.09656563328339288,194.19050363028697,14.70185548000461,0.0,1010.9656448081134,0.0,179.97513812154696,0.06464088397790056,73.77209944751381,1010.0795580110497
2021-09-26,6.37,0.6108462867012091,188.95774323546345,14.811560161197468,0.0,1008.4510880829017,0.99,216.2292817679558,1.6676795580110495,45.971546961325956,1008.62182320442
2021-09-27,6.46,1.8978198177413774,213.3381012804245,12.43502134040835,0.0005144768716114892,1007.6529472834237,0.7,265.97237569060775,2.9131652661064424,50.32941176470588,1010.3616246498599
2021-09-28,0.9400000000000001,0.6633379405666896,191.39725869615296,10.428530292559318,0.0017104353835521772,1011.0618521078093,0.0,159.48342541436463,1.8088397790055248,79.56767955801105,1008.9588397790056
2021-09-29,7.640000000000001,1.282578638091946,267.543841456389,8.693547643737759,1.4978684180205093e-05,1016.4207627606868,0.95,291.398891966759,2.8318559556786704,44.58476454293629,1019.1506925207756
2021-09-30,0.0,1.6074902051163862,192.2073058308366,10.529384650841207,0.0002212491357455635,1014.4690712145655,0.0,188.38397790055248,2.1908839779005524,98.49558011049724,1011.8541436464087
2021-10-01,4.67,1.3519239631336404,230.78294930875575,11.824458525345623,6.105990783410139e-05,1006.7564055299539,0.9099999999999999,226.8060941828255,1.576243093922652,41.8414364640884,1007.5944751381215
2021-10-02,0.0,0.6748616874135546,177.7985246657446,9.010500230520977,0.0018626094974642693,995.2286652835409,0.0,150.01662049861497,0.026795580110497236,98.66160220994475,988.0080110497237
2021-10-03,3.64,1.0302743832142032,210.79986165552225,9.502167396818077,4.6114825916532164e-06,996.2785335485358,0.18,192.72099447513813,2.189502762430939,71.54613259668508,997.9226519337017
2021-10-04,4.8,1.0392396313364056,187.76624423963133,10.400967741935483,6.797235023041476e-05,1003.9992857142857,0.18,212.58725761772854,1.9069060773480662,68.64723756906078,1005.1185082872929
2021-10-05,3.04,1.947550432276657,252.6321613832853,9.863146974063401,-1.9576691642651296,1000.650432276657,0.33,252.3314917127072,2.635082872928177,60.66215469613261,1002.425138121547
2021-10-06,8.67,1.1403777496257055,262.2108718184959,10.80757802602787,0.0,1015.5243003570195,0.26,298.50692520775624,0.4723756906077348,52.436740331491706,1017.7651933701658
2021-10-07,0.0,0.0702568828475982,177.45006335675615,13.454982144914181,0.0,1020.9902430595553,0.0,146.8342541436464,0.1320441988950276,74.90662983425413,1021.0922651933703
2021-10-08,0.0,0.0005414122796912797,146.54302499712014,11.990473447759474,2.9950466536113354e-05,1024.419951618477,0.0,249.1022099447514,0.0,98.65041551246539,1024.4833795013851
2021-10-09,5.7299999999999995,0.0019573978123200923,184.2802533103051,10.711387449625793,0.0,1023.8550949913645,1.02,109.17174515235457,0.009668508287292817,53.79171270718231,1023.4649171270718
2021-10-10,6.08,0.2626209120221097,306.2248963611239,11.31205665591893,0.0,1025.0209926301243,0.8,263.83977900552486,1.0994475138121547,53.398342541436456,1025.0690607734807
2021-10-11,3.1700000000000004,0.13344851416724257,306.96671273900023,8.899159179912463,0.0,1025.5729670582814,0.08,285.1878453038674,0.20607734806629832,62.71436464088397,1025.467955801105
2021-10-12,1.22,0.2775267949752218,238.81975337098075,9.248599746456149,1.9592024893396333e-05,1021.5091621528178,0.0,281.9171270718232,0.7581005586592178,77.73156424581005,1020.2770949720671
2021-10-13,0.22000000000000003,0.02786866359447005,194.35771889400922,10.73607142857143,9.216589861751152e-06,1022.7664746543779,0.0,239.97513812154696,0.0,67.53204419889502,1022.6629834254145
2021-10-14,0.72,0.3594398340248962,253.66366989396036,11.601014292300599,0.0,1018.7783540802213,0.15000000000000002,259.1988950276243,1.053038674033149,62.03922651933702,1017.414364640884
2021-10-15,1.97,0.12593872379636029,113.18210089841051,9.767680258005067,0.0,1016.519096982262,0.0,51.91988950276243,0.003591160220994475,55.71436464088397,1017.4685082872927
2021-10-16,1.96,0.01867726696624035,144.54026961631524,10.130222375849751,0.0001221338863924415,1015.7310058762531,0.0,158.3038674033149,0.037396121883656507,73.78088642659279,1014.7146814404432
2021-10-17,0.8499999999999999,0.23371356147021544,171.6178131121097,10.863152436916696,9.217651803203133e-06,1013.0278833967047,0.1,174.15469613259668,0.5502762430939226,63.87044198895027,1012.6240331491713
2021-10-18,0.0,0.3573899008531243,170.73483975097994,11.488517408346784,0.0002225040350472677,1011.5808162324187,0.0,165.3232044198895,0.6519337016574587,98.86629834254146,1010.0295580110497
2021-10-19,0.49,1.5723553814242912,196.03572251670892,14.795183221940539,0.0009068909887070755,1007.3712376123531,0.0,205.94198895027625,2.1218836565096955,93.73268698060942,1006.7894736842105
2021-10-20,5.58,1.2126239335946507,210.40523403274153,12.204473138113904,0.0024878948581969107,996.2187917915609,0.64,212.22651933701658,0.8790633608815428,57.726721763085386,995.797520661157
2021-10-21,9.469999999999999,1.6247637704540214,291.7952293155105,6.655081816086656,1.4980410232772528e-05,1006.7762387646923,1.02,309.99723756906076,1.578729281767956,46.62817679558012,1011.8
2021-10-22,1.9300000000000002,0.745878962536023,259.0979827089337,7.383181556195965,0.0,1016.9874121037462,0.0,261.78991596638656,1.2511049723756906,67.54337016574584,1017.8372928176794
2021-10-23,0.0,0.21487327188940092,193.72453917050692,8.92463133640553,0.0,1019.2772235023042,0.0,168.19113573407202,0.27707182320441986,64.19779005524862,1018.6480662983427
2021-10-24,2.81,0.5715537113877363,175.03999538958044,10.118372521899493,3.457814661134163e-06,1012.7221761180267,0.0,173.46408839779005,0.48559556786703595,83.04736842105262,1011.0601108033239
2021-10-25,5.069999999999999,0.4065207373271889,220.97200460829492,9.66823732718894,3.686635944700461e-05,1011.1372695852534,0.67,213.3232044198895,0.7437673130193906,65.7759002770083,1010.9368421052632
2021-10-26,0.33999999999999997,0.6660751325190136,202.79108089421527,10.738153952523623,0.0,1013.5040792809403,0.0,200.71270718232043,0.5726519337016575,77.09364640883979,1013.4458563535912
2021-10-27,0.0,1.6898260168222143,202.0434381841226,12.553589123170873,0.0,1012.973395552483,0.0,206.77839335180056,1.7406077348066296,75.69364640883977,1012.7770718232044
2021-10-28,0.27999999999999997,1.2770905321354526,173.5496429394149,12.246152960147432,0.0,1004.1019926284266,0.0,182.75138121546962,1.1775,74.95861111111111,1002.3177777777778
2021-10-29,0.91,1.5453069215708857,183.95070828054818,10.193481515605203,0.0001715996775308073,995.4979960843028,0.0,199.9972299168975,1.257182320441989,68.28756906077348,996.5837016574587
2021-10-30,3.82,0.962701705855233,185.6362378976487,8.478342554172428,4.610419548178884e-06,994.7495043798984,0.0,215.90331491712706,0.5060773480662983,70.69226519337016,995.846132596685
2021-10-31,3.9799999999999995,2.6030868463487677,186.87975120939876,9.018878138677724,0.001118405897258696,989.8472241419028,0.9700000000000001,182.6022099447514,3.5975138121546952,56.59834254143646,988.3665745856352
2021-11-01,8.639999999999999,1.4125345622119816,227.66175115207372,7.036935483870969,0.00010253456221198158,992.6547811059908,0.8999999999999999,232.5414364640884,0.9303867403314917,60.83591160220994,993.5270718232044
2021-11-02,6.13,0.03147102868333141,275.00218868793917,3.635180278769727,2.5342702453634376e-05,997.0447874668818,0.72,263.2409972299169,0.0,69.51408839779005,997.0491712707184
2021-11-03,0.39000000000000007,0.26508466766501554,314.3377491072457,3.5605460200437737,1.0367469185577697e-05,1002.5075221748648,0.0,315.61049723756906,0.44764542936288093,84.47229916897508,1003.2354570637119
2021-11-04,0.29000000000000004,1.1080078350040328,313.95160732803316,4.1989169259131245,0.0,1012.2362368936513,0.0,287.1381215469613,1.2729281767955802,69.08397790055248,1013.6044198895025
2021-11-05,3.1499999999999995,0.03629088378566458,254.79343539781954,3.851600556715379,5.799118533982835e-06,1020.8971236372072,0.08,219.53462603878117,0.0700831024930748,80.54238227146814,1021.8609418282547
2021-11-06,0.01,1.3324498732426826,225.30732887762156,8.526895598064069,0.0,1018.7290850426366,0.0,219.24861878453038,2.3229281767955796,76.27127071823205,1017.0193370165746
2021-11-07,3.99,1.3348236920949528,277.7136436967043,7.188442037335792,0.0,1017.0050126757318,0.0,279.590027700831,1.776243093922652,54.31104972375691,1017.0809392265195
2021-11-08,0.03,0.1696012906199585,231.83602212491357,6.476665130214334,2.4199124222171005e-05,1018.1701889836369,0.0,235.2403314917127,0.1673130193905817,82.14293628808865,1017.613296398892
2021-11-09,4.58,0.3789655569634835,211.39972353415504,10.114226471604654,0.0,1017.8890795991244,0.0,200.09668508287294,0.5734806629834255,68.72044198895027,1017.6986187845305
2021-11-10,0.0,0.04081068631966835,232.97639336711194,10.016559189313679,2.4182404421925378e-05,1017.9361123906033,0.0,223.13573407202216,0.0,98.65994475138125,1017.9563535911601
2021-11-11,0.83,0.13358277688233938,194.84883720930233,9.534262030854249,0.0,1017.5067234630441,0.0,231.21270718232043,0.39751381215469617,70.76767955801105,1017.2157458563537
2021-11-12,1.35,1.1431072210065645,213.71749395370264,9.273142922952898,0.0002890705977196821,1007.5564551422318,0.0,206.55801104972375,1.2765193370165744,87.27403314917129,1005.2386740331492
2021-11-13,0.0,0.8552956090814797,313.4226115016711,9.113622219661172,0.0,1013.0565518036187,0.0,319.7596685082873,0.7549723756906077,71.20386740331492,1014.4541436464089
2021-11-14,0.0,0.08730853391684901,208.3832776690084,8.570505585627087,0.0,1020.1497063226993,0.0,290.2182320441989,0.01745152354570637,85.35373961218836,1020.6792243767313
2021-11-15,1.98,0.0,281.1696809123373,7.172986983066468,0.0,1022.1401681833889,0.03,346.5524861878453,0.0,60.603591160220994,1021.9651933701656
2021-11-16,0.0,0.04604399401128643,201.46550731314062,5.5418979615340325,1.1516756881262236e-06,1017.6792813543706,0.0,160.93370165745856,0.0013850415512465374,89.41024930747922,1015.9725761772853
2021-11-17,5.17,0.2576595254549643,268.51566459341166,6.781835982492512,2.30361667818475e-06,1019.6033632803502,0.31,293.4281767955801,0.12596685082872927,63.130662983425424,1020.6616022099447
2021-11-18,3.4699999999999998,0.412980879981571,248.0035706058512,7.945761345312141,0.0,1023.4883552176918,0.0,257.76795580110496,0.9113259668508287,85.28204419889504,1023.3317679558011
2021-11-19,0.0,0.0891384473623589,258.38447362358903,8.973347155033402,0.0,1025.0118751439759,0.0,247.16298342541435,0.2674033149171271,81.58508287292817,1025.0019337016577
2021-11-20,0.0,0.13693724812895797,272.02613701784685,7.470857800805987,0.0,1019.0182153137595,0.0,264.4171270718232,0.04806629834254143,81.43812154696133,1016.9265193370168
2021-11-21,4.6899999999999995,0.8644741389240871,243.02384517912682,3.748934454555927,0.0,1016.587374726414,0.1,248.19444444444446,0.883149171270718,61.665469613259674,1017.1867403314918
2021-11-22,7.470000000000001,0.23403225806451614,279.6192396313364,2.4988479262672816,0.0,1025.4599539170508,0.64,307.44198895027625,0.08867403314917127,68.98812154696134,1026.5127071823206
2021-11-23,1.9699999999999998,0.01951612903225806,261.43225806451613,3.3377073732718894,0.0,1026.4601382488477,0.0,148.88397790055248,0.08287292817679559,77.21160220994474,1025.9801104972375
2021-11-24,0.0,0.018154590484967172,280.73274968321624,4.125469415965902,0.0,1017.0147909227048,0.0,283.9168975069252,0.0,75.10304709141273,1013.9609418282547
2021-11-25,7.1499999999999995,0.6664785162999656,285.35122681718696,2.3299504665361135,0.0,1013.0562262412165,0.07,287.57458563535914,0.980939226519337,64.26022099447515,1013.9748618784531
2021-11-26,1.25,1.7759414948750432,266.5994471956697,3.2093055395600603,6.219048715881608e-05,994.1680409996544,0.04,251.32044198895028,1.6265193370165745,72.52928176795581,990.5428176795582
2021-11-27,0.09,4.905517797488769,299.3992627577468,0.5414468379218983,0.000612832622969704,995.3168759359521,0.0,286.2403314917127,6.415193370165746,63.90745856353591,999.3154696132597
2021-11-28,4.609999999999999,1.0707454775895842,274.07235856665517,-1.426811844682567,4.608825901601567e-06,1005.0654107616084,0.0,309.0110497237569,0.39392265193370163,57.850828729281766,1004.3052486187845
2021-11-29,1.32,0.3112007374971192,265.5368748559576,-0.7912306983175847,1.8437427978796957e-05,1010.9766536068216,0.0,268.0414364640884,0.016298342541436462,82.91077348066298,1011.7331491712708
2021-11-30,0.0,1.9208304498269895,237.90080738177625,7.544198385236447,1.1534025374855824e-06,1006.4552479815455,0.0,247.2382271468144,2.264364640883978,82.72486187845303,1006.4660220994477
2021-12-01,3.21,1.9100299746368457,281.3106986396126,4.960813926677426,0.00040350472676965645,998.2560295134887,0.26,260.28453038674036,0.8477900552486188,85.81767955801105,997.4596685082872
2021-12-02,6.56,0.8544239631336406,283.9533410138249,0.20483870967741935,0.0,1009.0003686635946,0.09,317.04709141274236,0.5472375690607736,62.5328729281768,1010.689226519337
2021-12-03,0.0,0.17454210344430365,218.69185577698423,3.5392351111623093,0.0002361479092270476,1001.4024766731944,0.0,219.67403314917127,0.0,98.66232686980611,999.8717451523545
2021-12-04,5.68,1.5614613345626367,261.3364065921401,3.4730667281318426,0.00014060159041143252,996.2456839921633,0.46,249.59944751381215,2.3290055248618784,59.91823204419889,996.3972375690607
2021-12-05,0.0,2.58451256049781,316.14392717215947,2.8329684259045864,8.412076515326112e-05,1005.3073173542291,0.0,309.8448753462604,2.0922651933701655,83.72790055248619,1007.9792817679559
2021-12-06,0.01,0.7165610233951827,241.4034804655987,1.8827013944911837,0.00029733778955860323,1006.1628212515848,0.0,176.71546961325967,1.3717451523545705,85.36204986149583,1002.0698060941827
2021-12-07,0.08,1.7493949521724095,187.65287541777113,3.226218739195575,0.0003284545349775268,993.3504206522991,0.08,151.79834254143645,0.38535911602209943,94.4436464088398,985.8569060773481
2021-12-08,0.6600000000000001,2.8389766048173333,232.29906649763743,3.909703814682494,0.00014175406246398525,989.1442434020977,0.28,248.34530386740332,1.9069060773480664,61.51077348066299,991.5839779005526
2021-12-09,2.72,0.9621556195965418,221.13682997118156,3.874812680115274,0.000529106628242075,996.3038040345822,0.0,247.86187845303868,0.5529085872576178,68.2060941828255,996.6947368421053
2021-12-10,6.880000000000001,1.8167877320419696,291.69802836388794,3.0560013836042894,5.188516084399862e-05,998.791340943157,0.54,302.1551246537396,1.8613259668508286,61.885911602209944,1001.4005524861878
2021-12-11,0.0,0.3041157482130505,220.71996771962185,4.319518100069171,0.00013719160710168318,1011.083709937745,0.0,231.13055555555556,0.45635359116022095,89.03729281767956,1011.4121546961325
2021-12-12,0.55,1.2410285977859776,211.20260608856088,9.930811808118081,2.190959409594096e-05,1014.6130880996311,0.07,208.78176795580112,0.788121546961326,86.95580110497238,1015.4494475138121
2021-12-13,0.0,0.7159101382488479,201.09251152073733,8.642235023041474,8.870967741935486e-05,1017.7963364055298,0.0,203.33977900552486,0.682596685082873,82.80441988950275,1018.0441988950278
2021-12-14,0.02,0.4692467173462336,215.75293711126469,8.649930891499654,0.0,1021.0324118866621,0.0,217.8756906077348,0.7795580110497239,84.35000000000001,1021.1936464088398
2021-12-15,0.0,0.2911605393569206,241.07894433559986,9.319903192347587,0.0,1024.9843494295262,0.0,229.9529085872576,0.43694444444444447,76.94222222222221,1025.6627777777778
2021-12-16,0.0,0.006867150593386335,223.60871068095403,8.275907362599378,0.0,1031.7270422859776,0.0,271.6795580110497,0.0,70.47423822714681,1032.4952908587256
2021-12-17,0.8,0.14975233268056676,47.0908881465269,6.208098145374957,0.0,1033.8726644395806,0.0,29.4585635359116,0.7457063711911357,81.9770083102493,1033.9113573407203
2021-12-18,0.0,0.19132688320663443,69.20145127850725,5.632066344160331,0.0,1032.5656070029945,0.0,74.00828729281768,0.2552486187845304,89.14364640883979,1032.197237569061
2021-12-19,0.0,0.1530407740152039,69.71366044690164,1.6666436304998848,1.2669891730016124e-05,1028.512692927897,0.0,184.82044198895028,0.5287292817679559,98.89337016574586,1027.2209944751382
2021-12-20,0.0,0.07047498270694028,63.30943048189993,3.3121051418030896,1.0375835831219737e-05,1023.418549688725,0.0,53.01657458563536,0.13221288515406163,73.23249299719888,1022.9602240896356
2021-12-21,0.0,0.04325570670970717,103.3524325570671,2.1404427023287993,0.0,1019.8733225732072,0.0,124.98337950138504,0.2080110497237569,65.00773480662984,1019.1483425414365
2021-12-22,0.1,0.24293948126801151,137.89740634005764,0.203458213256484,6.570605187319885e-05,1013.5431815561959,0.1,158.66298342541435,0.3008310249307479,78.7786703601108,1011.5551246537397
2021-12-23,0.0,0.37711454252131826,203.97418760082968,5.735215487439502,5.761696243374049e-05,1004.2356879465316,0.0,186.7202216066482,0.3371191135734072,98.81108033240999,1002.2759002770082
2021-12-24,0.0,0.1545967741935484,156.4589861751152,6.303571428571429,0.0015414746543778804,1001.1299539170507,0.0,135.1606648199446,0.3704419889502763,98.85055248618785,999.8814917127071
2021-12-25,0.0,0.4473793341780901,102.31275198709827,5.188411473332566,0.0007095956687017625,1000.6067849326115,0.0,104.96408839779005,0.7991712707182319,90.32375690607734,1001.1215469613261
2021-12-26,0.0,0.2105220698398064,148.28005070877032,4.890895470784834,0.00038146824939495205,997.9381007260574,0.0,126.98614958448753,0.003601108033240997,98.66869806094184,997.5872576177288
2021-12-27,0.0,0.5457330415754924,147.69181158585744,6.849268685938038,0.0003259242197397213,989.8813313370954,0.0,123.39335180055402,0.2544444444444445,98.78277777777778,987.6097222222223
2021-12-28,0.8800000000000001,1.6704480018426813,248.98019117816423,7.438776920419211,7.025221697569966e-05,991.8113900725555,0.35000000000000003,244.0331491712707,2.194198895027624,74.63453038674032,994.5809392265195
2021-12-29,0.0,1.6450305194057355,206.26442473799378,8.663491880686399,0.00018772313716457445,1001.2120465276977,0.0,172.95027624309392,3.4491712707182316,79.34254143646409,1001.3779005524863
2021-12-30,0.0,2.7973278046533054,212.64075097903708,11.897915226906242,1.151808339092375e-06,1008.227401520387,0.0,215.09116022099448,2.885635359116022,84.07790055248618,1009.4317679558009
2021-12-31,1.4100000000000001,1.6453623689365136,205.5974190574951,10.980977071091141,0.0005242539463071784,1012.0460767369512,0.07,207.11049723756906,1.7966850828729282,78.26629834254145,1013.3604972375689
