date,total_sun_per_day,mean_wind_per_day,mean_wind_direction_per_day,mean_temperature_per_day,total_rain_per_day,mean_pressure_per_day,total_sun_3to4pm,total_sun_1to8pm,mean_wind_direction_9to10am,mean_wind_9to10am,mean_humidity_9to10am,mean_pressure_9to10am
2018-01-01,1.07,1.4051456198917927,224.51122366754922,3.787982042131921,1.6900000000000002,997.1893634165995,0.16,1.07,166.1878453038674,0.8303867403314917,78.34751381215469,996.2403314917127
2018-01-02,0.0,1.469057211925866,193.4071601243237,5.035466789455508,5.54,1000.9293196730747,0.0,0.0,146.92797783933517,2.0580110497237567,87.946408839779,1000.0
2018-01-03,2.35,3.477756041426927,240.41357882623706,6.164902186421174,0.0,994.792750287687,0.0,0.8300000000000001,248.70165745856355,3.4903314917127073,63.790607734806635,999.0
2018-01-04,0.6200000000000001,1.9126812428078253,210.02623705408516,5.52392405063291,5.56,992.4218642117377,0.5800000000000001,0.6200000000000001,223.45303867403314,4.139226519337016,60.00386740331491,991.1574585635359
2018-01-05,1.6600000000000001,0.8265853377834044,212.4423984348026,3.247416273449189,0.01,992.7575094947634,0.0,0.06,186.86740331491714,1.5560773480662982,69.96104972375691,993.0110497237569
2018-01-06,0.6500000000000001,0.41283674879115817,158.59682247294498,-0.12973750863458436,0.22000000000000003,1007.497697444163,0.0,0.0,148.64917127071823,1.3494475138121547,86.80055248618785,1010.0469613259669
2018-01-07,7.349999999999999,1.3108104996546166,49.26985954409395,-0.06363113055491591,0.0,1020.9420907207,0.97,2.92,40.9060773480663,2.046132596685083,64.34696132596684,1022.0
2018-01-08,0.0,0.2935443037974684,38.99919447640966,-0.1247756041426928,0.0,1016.7521288837745,0.0,0.0,28.944751381215468,0.280939226519337,96.3157458563536,1015.2127071823204
2018-01-09,0.0,0.2530872714729217,121.83534552144418,2.6951247556628717,0.0,1004.0907209382545,0.0,0.0,152.92265193370164,0.5556473829201102,94.47052341597796,1001.8953168044077
2018-01-10,2.11,0.2992068053799288,230.67145648925163,3.8931831244970683,1.25,1002.4222324405104,0.36,1.2400000000000002,262.8484848484849,0.1352617079889807,87.67300275482094,1003.2644628099174
2018-01-11,0.0,0.1502414348126006,318.3155897907565,1.9047827086686593,0.0,1014.9340078178892,0.0,0.0,321.5110497237569,0.37762430939226527,86.39585635359116,1017.3563535911602
2018-01-12,0.08,0.33202666973215317,175.33371651914013,3.859317162892287,0.0,1020.3035981147258,0.0,0.0,103.36088154269973,0.9625344352617079,84.0504132231405,1020.0
2018-01-13,0.0,1.3457744049672302,117.80016097504887,3.926940324249742,0.0,1015.045992871105,0.0,0.0,120.02203856749311,1.893388429752066,74.83801652892562,1014.0
2018-01-14,0.0,0.1768372627947096,145.89304197814837,2.3880161012075907,0.0,1013.5821736630247,0.0,0.0,113.54696132596685,0.08342541436464088,67.06408839779006,1013.0
2018-01-15,1.09,2.023582844659078,214.9948258020007,5.755156950672646,3.78,995.886282626193,0.01,0.8200000000000001,193.5,1.8129834254143644,72.74419889502762,991.9640883977901
2018-01-16,5.380000000000001,2.2546384641912867,237.94918956201863,2.691792160018393,0.0,993.5507529601103,0.0,1.12,232.12121212121212,2.0740331491712705,63.82596685082874,993.7983425414365
2018-01-17,6.27,2.3512646585421937,232.86974017015405,2.376580823177742,1.31,1001.6983214532077,0.6599999999999999,1.98,245.6022099447514,2.188154269972452,56.32589531680441,1006.0
2018-01-18,5.75,2.6253534076542926,251.10929778186414,4.498977129065625,0.34,998.5446500402253,0.89,1.25,241.00275482093664,0.9699724517906336,70.5931129476584,1000.0
2018-01-19,6.29,0.9867985280588777,223.6026908923643,1.4014719411223553,0.0,1005.6328196872125,0.64,1.49,225.0331491712707,1.2526170798898073,58.991184573002755,1006.0
2018-01-20,0.0,0.15520174732727898,147.07828486032878,0.6092654328083686,2.27,1001.1545005173008,0.0,0.0,140.78236914600552,0.6278236914600552,95.64876033057851,997.5619834710744
2018-01-21,0.0,0.8959641255605381,195.88375301828216,1.663263194204898,0.25,1007.5029320455329,0.0,0.0,134.64364640883977,1.0248618784530388,97.52099447513812,1004.9889502762431
2018-01-22,2.46,0.5029658581446144,247.6099551672606,6.026393838372227,0.0,1009.2620990918497,0.0,0.25,255.8342541436464,0.9798342541436463,63.28370165745856,1012.232044198895
2018-01-23,1.2600000000000002,1.4952747758105311,190.38997470682915,8.244757415497817,1.4700000000000002,1010.5636928029433,0.0,0.8500000000000001,181.2479338842975,2.6217630853994494,80.48512396694214,1008.4325068870523
2018-01-24,0.0,2.5858834348775726,197.40567881365675,7.0898953902747435,1.11,1003.0601218530866,0.0,0.0,190.6022099447514,1.4613259668508287,80.60082872928177,1001.121546961326
2018-01-25,5.97,0.9635559131134354,187.70451672221583,4.503137570394208,0.0,1004.189863234111,0.17,1.22,183.04419889502762,1.3930939226519337,66.103591160221,1003.0
2018-01-26,2.3200000000000003,0.1817450281641568,283.49224048741235,3.0695482239337855,0.29,1015.383032532475,0.02,0.52,323.58839779005524,0.45674931129476587,77.82121212121211,1018.8319559228651
2018-01-27,0.0,1.0246493446769374,188.8240974936767,5.06256610715107,1.95,1020.3384686134743,0.0,0.0,171.0939226519337,1.302203856749311,94.05674931129478,1018.0
2018-01-28,1.28,2.381855812349086,233.0327699206623,8.356628722548004,0.0,1024.462688283316,0.08,1.2000000000000002,233.00552486187846,2.7484848484848485,82.2457300275482,1025.0
2018-01-29,0.7399999999999999,2.151569145878837,259.1419703414185,6.789228646970917,0.05,1022.5043108403265,0.56,0.73,218.6022099447514,1.2773480662983427,74.02403314917127,1022.0911602209944
2018-01-30,5.0,0.32009888467287567,196.05162699781533,2.386213636886283,0.16,1020.5555938829482,0.6000000000000001,1.9299999999999997,206.52341597796143,0.32865013774104684,63.34214876033058,1018.8842975206611
2018-01-31,2.36,2.348102575896964,231.8354415823367,3.9877184912603494,0.42000000000000004,1002.1190202391904,0.93,2.2199999999999998,264.83977900552486,3.245303867403315,51.934806629834256,1000.2541436464088
2018-02-01,5.33,2.3649948234211435,285.6789370758081,2.58176693891637,0.0,1001.7062003911193,0.5900000000000001,2.0500000000000003,290.57851239669424,3.3458563535911603,63.01436464088398,1002.7872928176796
2018-02-02,4.4,1.6262534498620056,291.42663293468263,2.851805427782889,0.0,1008.2749540018399,0.0,0.060000000000000005,307.5013774104683,0.3546961325966851,59.665193370165746,1009.0027624309392
2018-02-03,0.0,0.0519558214450069,143.32616198803498,1.087540266912103,1.4000000000000004,1004.908191440405,0.0,0.0,153.146408839779,0.0,94.73195592286501,1003.0
2018-02-04,2.85,0.5766106764841233,82.61792452830188,0.8998044178554993,0.0,1020.2501150483203,0.0,0.29,126.80939226519337,0.8535911602209945,71.10082872928177,1022.9972375690608
2018-02-05,5.2700000000000005,0.42233087896916705,60.525310630464794,-0.4244822825586747,0.0,1021.4756097560976,0.38,0.87,100.73480662983425,1.0611570247933884,64.41515151515152,1020.0
2018-02-06,3.86,0.2919935580352008,260.5658575865639,-1.5991372368572414,0.0,1014.399171747383,0.0,1.4700000000000002,325.2513812154696,0.5406077348066298,51.31878453038674,1013.0
2018-02-07,7.609999999999999,0.5296181274442144,284.7210720036807,-0.8270071313549575,0.0,1016.4766505636071,0.26,2.3,312.6988950276243,0.2680440771349862,44.79173553719008,1017.0
2018-02-08,0.0,0.8423510466988727,181.01265240395676,2.2155854612376356,1.3500000000000003,1012.2686910512997,0.0,0.0,171.01381215469613,1.4903314917127073,82.17734806629834,1011.0165745856353
2018-02-09,4.5600000000000005,1.9489530602853198,261.288656235619,1.9705016106764834,-82913.61,1007.6236769443166,0.95,3.1,268.6878453038674,4.762707182320442,59.17209944751381,1009.2955801104972
2018-02-10,0.0,0.991518987341772,183.4735327963176,2.8287571921749133,2.7399999999999998,1006.0204833141541,0.0,0.0,178.82044198895028,1.7069060773480662,94.81685082872927,1002.792817679558
2018-02-11,5.76,2.0972842347525895,260.75040276179516,1.8235673187571921,0.03,1002.0300345224396,0.26,1.4500000000000002,245.38674033149172,2.4567493112947654,61.59090909090909,1003.0027548209366
2018-02-12,7.68,1.0068576688528361,219.32470371648833,0.493452997353584,0.0,1009.695547117708,0.13,2.23,220.1900826446281,1.7052341597796143,57.59834710743801,1010.0
2018-02-13,0.0,1.604647952139899,197.2627703635527,1.3539921767142202,3.7800000000000002,999.138288080994,0.0,0.0,145.87845303867402,0.056749311294765854,90.74931129476585,996.5922865013774
2018-02-14,0.14,1.2293291911172477,160.50304913128522,1.0568634219307331,8.049999999999999,1000.5499942469221,0.0,0.0,137.66022099447514,2.250137741046832,91.4435261707989,998.8292011019283
2018-02-15,7.5,1.3500402530189763,224.45577918343875,4.500368027602071,0.4800000000000001,1006.8223116733755,0.64,3.17,241.26243093922653,2.1418732782369148,50.18732782369146,1009.9201101928375
2018-02-16,7.849999999999991,0.1926846100759144,192.44996549344376,2.917897400506096,0.0,1018.7599493903841,0.63,2.43,190.05801104972375,0.33360881542699733,49.1137741046832,1019.0
2018-02-17,3.11,0.19173953060285318,168.78796594569718,3.334629544408652,0.0,1017.2672572480442,0.0,0.75,146.02203856749313,0.47796143250688705,65.82782369146005,1017.0
2018-02-18,0.07,0.16836535143218684,156.4140112734384,4.168100770735075,0.0,1016.5614862533073,0.0,0.0,152.83701657458565,0.26712707182320444,68.46906077348068,1016.0
2018-02-19,0.0,0.7267341539169446,263.2850569423674,6.535936960773035,1.39,1013.4202231680663,0.0,0.0,249.83977900552486,1.7480662983425412,85.96049723756907,1013.0
2018-02-20,3.24,1.867540832758224,275.3638141246837,5.995065562456867,0.0,1017.3949850471589,0.56,1.5100000000000002,304.46132596685084,2.4417127071823206,55.34558011049723,1017.9972375690608
2018-02-21,0.0,0.046918123275068994,75.95963661453541,2.0771044158233667,0.62,1021.8204921803128,0.0,0.0,319.59944751381215,0.0,80.38457300275482,1021.0633608815427
2018-02-22,2.46,0.12141460609545716,48.0767107533065,0.07617021276595741,0.02,1019.4067855089131,0.93,2.3299999999999996,29.07182320441989,0.39475138121546965,49.005248618784535,1018.5193370165746
2018-02-23,5.39,0.3173567977915803,55.27329192546584,-1.221555095468139,0.03,1016.9112031285945,0.74,2.06,80.0524861878453,1.4245856353591162,47.568508287292815,1016.0
2018-02-24,9.86,0.5503623605199586,46.23754745197285,-0.7262625100655699,0.0,1017.4970666053147,1.03,4.35,39.77900552486188,1.8168044077134986,31.567768595041322,1017.0027548209366
2018-02-25,10.3,0.6100322135296824,42.03704555913484,-1.229901058444547,0.0,1022.7355039116429,1.02,4.45,52.70798898071625,1.177685950413223,34.68374655647383,1022.9421487603306
2018-02-26,4.18,0.8835461972155103,41.72879990795075,-2.9853871821424467,0.0,1025.2182717754,0.01,0.5900000000000001,52.60220994475138,1.8300275482093662,50.046556473829206,1025.0
2018-02-27,4.43,0.3192635212888378,143.7482163406214,-4.257364787111623,0.0,1019.3705408515535,0.23000000000000004,1.62,87.40883977900552,0.6950276243093922,74.83232044198895,1017.9530386740331
2018-02-28,5.26,1.1376222810449994,70.48152836920244,-5.58029692714927,0.12,1011.9743353665555,0.85,1.56,61.19613259668508,1.899171270718232,54.5121546961326,1011.1574585635359
2018-03-01,0.0,2.1778353483016697,50.28854346574554,-5.797973517559009,0.0,998.8051813471502,0.0,0.0,44.30386740331492,2.1662983425414364,92.33563535911603,995.792817679558
2018-03-02,0.0,1.685630397236615,53.2664363845711,-3.8267127230857794,0.0,991.3701784686241,0.0,0.0,56.443213296398895,0.9430939226519336,95.70552486187843,991.0
2018-03-03,0.0,0.5449804282753856,52.208381303246604,-0.5876352751554225,5.84,990.5264793921252,0.0,0.0,78.6657458563536,1.5455801104972375,85.70580110497238,990.0
2018-03-04,1.02,0.5701760441836382,133.70912438154411,4.228500747900126,1.73,987.8629616845012,0.0,0.0,133.0718232044199,1.2243093922651933,76.28149171270718,987.0
2018-03-05,1.92,0.8747642051989878,142.97285484242005,4.576938118242467,4.11,986.8582930756844,0.0,0.0,159.5,1.0756906077348065,77.79613259668507,986.232044198895
2018-03-06,1.1300000000000001,0.1826816927322907,230.4459521619135,4.509464121435142,0.0,987.2701241950322,0.53,1.04,203.36740331491714,0.05454545454545455,54.846280991735526,988.0
2018-03-07,6.44,0.6510633406138637,254.2854351074836,3.5820669042418665,0.33,992.9250488561904,0.77,3.54,251.1129476584022,2.123140495867769,45.97465564738292,994.0027548209366
2018-03-08,5.3100000000000005,2.0700045987583353,214.56518739940216,4.066773971027823,0.060000000000000005,994.5068981375028,0.79,3.49,225.16528925619835,3.034435261707989,48.169146005509646,996.0
2018-03-09,0.27,0.49742439921812126,137.68966310221916,4.393698976658618,9.450000000000001,998.3755317925721,0.0,0.0,116.19559228650138,0.41049723756906076,90.22044198895027,997.5414364640884
2018-03-10,0.09,0.3921830095413266,168.61478330842627,8.638165306357054,1.2400000000000002,992.7052534774112,0.0,0.09,157.93939393939394,1.1044077134986225,83.3107438016529,992.1212121212121
2018-03-11,0.15000000000000002,0.2926658236578917,114.65340843775147,6.252120933440626,2.9400000000000004,989.6015633980917,0.0,0.0,24.337016574585636,0.7309392265193371,79.81491712707182,987.9502762430939
2018-03-12,0.0,0.9059763245603953,209.72876680841281,5.840432134237444,9.049999999999999,989.2379036892311,0.0,0.0,108.0,1.6214876033057852,87.36666666666667,990.099173553719
2018-03-13,2.7199999999999998,0.24889655172413794,240.61724137931034,5.083666666666666,0.0,1004.396091954023,0.77,2.3,248.54269972451792,0.1465564738292011,54.27878787878788,1006.0
2018-03-14,1.06,2.579510175922732,122.27745199494079,6.183051626997815,0.0,998.6038863976083,0.0,0.0,130.9668508287293,3.7616022099447517,59.63038674033148,995.8397790055249
2018-03-15,1.6700000000000002,1.0224278652718704,118.05414415450052,7.731267961834694,7.250000000000001,988.029428669962,0.63,1.5599999999999998,135.4931129476584,1.2088154269972453,60.742975206611575,988.0
2018-03-16,3.37,0.49053805472522427,128.54564267647734,7.447861577374108,1.1,996.3028282363762,0.74,1.94,189.12707182320443,0.8633608815426999,49.52121212121212,998.7906336088155
2018-03-17,0.0,2.3502473254342573,46.423559185551596,-1.3988266421258484,0.060000000000000005,1004.0460140342805,0.0,0.0,45.812154696132595,2.891436464088398,60.82983425414365,1004.0
2018-03-18,0.0,1.7955105329803152,49.32634971796938,-3.415874294923449,0.09999999999999999,1006.1044088868424,0.0,0.0,50.87845303867403,2.4365650969529087,67.4601108033241,1007.0
2018-03-19,6.39,2.1163060989643263,61.84257767548907,-0.8949827387802071,0.20999999999999996,1012.7147295742233,0.98,3.9899999999999998,43.81767955801105,3.2638121546961325,42.93038674033149,1013.0
2018-03-20,1.2100000000000002,0.6437988955361252,196.25563736769442,2.458341003221353,0.0,1023.8110906580764,0.31,1.1,221.6049723756906,0.9396694214876034,47.81019283746557,1025.0
2018-03-21,9.249999999999998,0.8041532443626322,213.54693971468018,2.9980441785549936,0.0,1025.0934192360792,0.65,2.7399999999999993,269.50276243093924,2.049586776859504,41.211570247933885,1024.0
2018-03-22,1.42,1.2439139438564195,226.7688679245283,4.500897376898298,0.0,1014.4542107685228,0.0,0.03,241.939226519337,2.2947513812154696,56.79558011049724,1012.9944751381215
2018-03-23,0.36,1.3477800782148608,189.75638371290546,6.277800782148609,0.4700000000000001,997.795261099609,0.0,0.0,216.03867403314916,0.5253443526170799,48.26969696969697,996.0
2018-03-24,0.0,0.03658536585365854,125.20662678324896,4.635469397146801,6.32,998.9691670501611,0.0,0.0,28.433701657458563,0.014049586776859503,81.30055096418732,1000.0
2018-03-25,0.91,0.06946617579383342,297.3704555913484,6.273849516797055,0.06,1008.0260009203865,0.1,0.86,270.45303867403317,0.18646408839779005,47.62596685082873,1009.0138121546961
2018-03-26,4.1000000000000005,0.307234874626179,237.42316540142627,5.648999309868875,0.0,1012.9222452265931,0.74,1.4300000000000002,202.44751381215468,0.8889807162534437,37.02451790633609,1013.0275482093664
2018-03-27,0.2,1.235142594296228,213.9188132474701,6.249390524379025,3.3200000000000003,1004.040018399264,0.19,0.2,208.168044077135,2.781491712707182,60.88314917127072,1002.9834254143647
2018-03-28,2.17,0.4512307338394295,258.1182424660686,3.4948470209339777,5.58,1001.3803772716816,0.31,2.17,294.24309392265195,0.9046961325966851,75.56381215469612,1000.6325966850828
2018-03-29,0.09,0.5960764008744679,143.85548268323552,2.598159015073064,4.16,997.8949487976067,0.0,0.0,131.02486187845304,0.8016574585635359,89.26298342541436,995.2955801104972
2018-03-30,0.01,0.31060501495284104,126.96020243846331,3.2651253738210255,10.7,992.9459397285484,0.0,0.0,85.8232044198895,0.8947513812154697,87.76077348066298,991.707182320442
2018-03-31,0.0,0.8982966969731845,258.8818045805041,3.4750834388307057,1.6300000000000003,996.2500863160318,0.0,0.0,251.3977900552486,1.9350828729281768,81.73314917127072,998.1187845303867
2018-04-01,0.39,0.5186097364483832,183.96328691448957,3.1740476464495337,5.34,1007.4365289446426,0.0,0.0,169.6685082872928,0.025138121546961326,54.88756906077349,1008.5883977900553
2018-04-02,0.0,0.6662103083294983,145.60457892314773,6.0120340543028075,8.49,995.6385181776346,0.0,0.0,154.0331491712707,0.6632596685082873,93.41491712707182,993.0027624309392
2018-04-03,0.9500000000000001,1.1041062801932369,173.0501495284104,8.471739130434782,1.0,991.9558316080055,0.0,0.25,181.14325068870522,2.9160220994475137,55.95662983425415,992.0
2018-04-04,0.11,1.7998274473714482,181.57206948119176,6.769642240883469,3.49,992.098930173703,0.0,0.09,157.74380165289256,1.6011049723756907,83.88701657458563,989.9834254143647
2018-04-05,8.64,1.2940547378104874,219.1271849126035,4.962201011959522,0.0,1010.6463891444342,0.32,2.36,301.3508287292818,0.8418732782369145,31.269972451790633,1013.0055096418732
2018-04-06,1.5300000000000002,1.5631094756209751,141.7457451701932,7.911327046918123,0.0,1006.4764259429622,0.42000000000000004,1.5,125.06906077348066,1.6575757575757575,46.26721763085399,1004.0
2018-04-07,0.0,0.2585853939045428,173.09097182288673,9.091776883266245,0.0,1002.4770557791834,0.0,0.0,279.80939226519337,0.48342541436464087,70.04475138121546,1001.9861878453039
2018-04-08,0.0,0.032597193466758684,165.95594662985968,7.198562226823095,2.09,1005.3442604094778,0.0,0.0,56.005524861878456,0.0,90.73011049723758,1005.1325966850828
2018-04-09,0.0,0.18075198344256643,73.0018397148442,6.570921007243878,6.51,1003.612740025296,0.0,0.0,59.552486187845304,0.0361878453038674,90.93204419889501,1002.0
2018-04-10,0.0,0.2617383306507243,74.15520809381466,7.210554150379398,3.7,1000.1764773511152,0.0,0.0,48.92817679558011,0.6997237569060774,84.61022099447514,1001.2265193370166
2018-04-11,0.0,0.47886384544618216,57.613845446182154,5.576046458141675,0.7400000000000001,1004.6336246550138,0.0,0.0,43.42424242424242,0.027071823204419893,91.63701657458563,1005.0
2018-04-12,0.0,0.22140310523289244,112.79539965497412,4.471972397929845,0.30000000000000004,1001.8749856239218,0.0,0.0,87.53867403314918,0.5694214876033058,94.94187327823691,1001.0
2018-04-13,0.0,0.06345446182152713,243.87603495860165,6.368088776448942,0.16,1005.0196642134315,0.0,0.0,214.20441988950276,0.18071625344352618,72.67410468319561,1006.7741046831956
2018-04-14,6.08,0.2130474767214622,143.70720772502585,10.896344407403149,0.0,1011.7734222324406,0.72,2.84,128.85635359116023,0.24242424242424243,44.42837465564739,1011.7548209366391
2018-04-15,0.02,0.7677397102782247,143.86077259140032,9.02052195907105,0.55,1005.7048746838353,0.0,0.02,124.28650137741047,1.4738292011019283,83.48484848484848,1003.9834710743802
2018-04-16,2.54,1.3020466827641715,188.49396343566747,8.80795676670116,0.0,1009.6180292054731,0.28,0.53,209.55922865013775,2.3170798898071623,44.577685950413226,1011.0
2018-04-17,0.6799999999999999,1.8278371852362882,171.8563872599747,10.897297918822582,0.0,1014.7409451535012,0.0,0.0,174.88950276243094,3.045303867403315,68.77707182320442,1015.3701657458563
2018-04-18,12.1,0.7830594184576485,148.90357430180438,15.918676014251234,0.0,1020.9194345477531,1.02,5.8500000000000005,187.3121546961326,1.8537190082644628,27.924793388429755,1020.9944903581268
2018-04-19,12.61,0.1414513721437593,199.42932598461363,17.775887013434378,0.0,1019.0382363072683,1.02,5.92,198.61432506887053,0.558953168044077,31.989531680440773,1019.0
2018-04-20,12.32,0.1514984498794351,265.2576644850155,14.630014927086922,0.0,1019.3195544838673,1.02,5.6000000000000005,282.4848484848485,0.3101928374655647,37.476584022038566,1019.2947658402204
2018-04-21,5.47,0.6774971297359356,202.1662456946039,14.86320321469575,2.7800000000000002,1015.3509758897818,0.0,1.1,110.5840220385675,1.2614325068870522,50.51680440771351,1014.0
2018-04-22,8.5,1.575427718452176,202.87461246985876,13.117533585945575,1.8100000000000003,1007.6397979102078,0.05,2.81,196.70247933884298,2.8743801652892564,45.65399449035813,1007.0
2018-04-23,0.2,1.6432854681217692,226.08879954049397,9.125709362435382,0.0,1012.0868466398622,0.0,0.0,235.44077134986225,2.425068870523416,53.551790633608825,1012.9449035812672
2018-04-24,0.0,1.7158584233509537,218.2253504941393,9.739151919099058,1.5699999999999998,1009.0042518961159,0.0,0.0,231.5635359116022,2.1737569060773483,85.9756906077348,1007.0662983425415
2018-04-25,7.180000000000001,2.2097115274106427,236.99862084817838,8.138972531892886,0.15999999999999998,1008.6177450867716,0.5700000000000001,3.8200000000000003,246.24242424242425,4.203867403314917,45.27651933701657,1008.0276243093923
2018-04-26,6.67,1.6892171513967122,231.52442809518337,7.732647430739166,0.0,1011.5635130474767,0.6100000000000001,2.91,239.5922865013774,2.5504132231404957,42.4465564738292,1012.0
2018-04-27,0.0,0.22227204783258595,121.12073128665057,5.912015637576176,7.420000000000001,1004.4672875704266,0.0,0.0,91.71546961325967,0.28259668508287294,95.00773480662984,1002.0
2018-04-28,0.0,0.3280998389694042,169.88417299286866,5.061709224752702,1.88,1007.4718196457327,0.0,0.0,267.085635359116,0.022928176795580114,85.15248618784531,1008.3397790055249
2018-04-29,0.0,1.1060062133241286,116.48486940513175,4.304556437694167,0.03,1008.4681854792314,0.0,0.0,58.90331491712707,1.6527624309392264,78.36353591160221,1008.0027624309392
2018-04-30,0.16999999999999998,2.1224600161086182,276.906570014958,5.1064549534000685,0.0,1005.0050627085491,0.0,0.17,272.83425414364643,2.717079889807162,46.610468319559224,1005.0
2018-05-01,7.659999999999999,1.4925333640128855,217.5544178554993,6.598331799355729,0.0,1005.5281868384722,0.56,1.8499999999999999,231.0718232044199,2.8162534435261706,47.614600550964184,1005.0
2018-05-02,3.45,1.6716553548832396,229.06476475324973,7.491867019440929,5.959999999999991,1003.1962498562061,0.31,3.25,176.05524861878453,2.941436464088398,57.99668508287293,1004.4972375690608
2018-05-03,7.05,0.41436457734330073,238.46555491661874,8.903588269120185,0.0,1014.8010350776308,0.96,2.02,242.03867403314916,1.378236914600551,37.73278236914601,1015.0
2018-05-04,2.18,0.07670728903196138,260.615198896298,11.378615773741089,0.0,1018.8376638307657,0.0,0.0,219.70441988950276,0.0953168044077135,56.56584022038566,1019.0
2018-05-05,14.11,0.02558032636175592,243.31360606757067,13.973626752470697,0.0,1020.5118363594576,1.02,6.23,124.40220385674931,0.060497237569060766,28.332044198895023,1019.9944751381215
2018-05-06,14.100000000000001,0.059533654950608784,160.15058580289457,15.295899379738112,0.0,1018.0068917987595,1.02,6.17,252.32231404958677,0.10027548209366391,23.745454545454542,1016.4903581267217
2018-05-07,14.08,0.14981062779754392,92.36279123149318,17.928968208424195,0.0,1013.6633765637553,1.03,6.140000000000001,50.892561983471076,0.14313186813186812,27.84258241758242,1012.5192307692307
2018-05-08,12.52,0.8963158498794904,216.78572248364512,14.269447951337083,0.0,1007.7603580856191,0.99,4.54,250.86501377410468,2.546280991735537,54.197520661157014,1007.0
2018-05-09,5.409999999999999,0.670138968645917,236.66773860112554,10.185770070058574,0.0,1006.5989433788906,0.0,0.0,241.06887052341597,1.2369146005509644,45.56611570247934,1005.0
2018-05-10,7.280000000000001,1.1006548713235293,255.90774356617646,10.010569852941178,0.19999999999999998,1011.7749310661765,0.08,2.0100000000000002,277.91735537190084,0.48870523415977957,35.42617079889807,1014.0
2018-05-11,2.55,1.1280721922060006,143.11127715829406,10.269755144269457,0.17,1011.035291412806,0.0,0.0,142.11878453038673,1.7947513812154698,44.53093922651934,1009.7651933701658
2018-05-12,0.33,0.058875603587031505,215.04196366980915,9.126017475281675,4.67,1009.2571855598989,0.0,0.0,151.91436464088397,0.20137741046831956,61.611570247933884,1009.0
2018-05-13,6.12,0.0534490687514371,250.87307426994713,10.36469303288112,0.0,1011.6884341227868,0.6300000000000001,3.78,251.5745856353591,0.07162534435261708,41.83223140495868,1012.3415977961432
2018-05-14,14.73,0.5423236037692485,271.7869455297633,12.23723282004137,0.0,1016.930705584923,1.01,6.6,240.1763085399449,1.3466850828729282,26.011602209944748,1017.0
2018-05-15,12.96,0.5474488623304988,254.5242472994714,14.068742817743047,0.0,1017.0478051022753,1.03,5.86,234.39226519337018,1.408815426997245,36.58953168044077,1016.0
2018-05-16,0.0,1.0998850574712644,120.66390804597701,9.936988505747127,0.0,1021.3908045977012,0.0,0.0,104.14364640883979,1.923756906077348,58.71850828729281,1022.6629834254144
2018-05-17,13.76,0.6680004599287109,86.97481890307003,8.735920432332989,0.0,1022.6389559618259,1.02,5.66,74.22651933701657,0.983425414364641,39.507734806629834,1022.0
2018-05-18,8.649999999999999,0.0484820607175713,121.0050597976081,9.490363385464581,0.0,1020.9153633854646,0.21000000000000002,1.45,115.53314917127072,0.16049723756906079,36.860773480662985,1020.0
2018-05-19,14.77,0.09519540229885058,139.21793103448275,12.919080459770118,0.0,1019.0555172413793,1.02,6.58,107.88980716253444,0.17217630853994492,31.759504132231406,1018.8209366391185
2018-05-20,14.32,0.26579340457313566,119.23578076525337,14.22287716879237,0.0,1017.1736182925428,1.02,6.07,143.9944903581267,0.29504132231404956,31.661707988980712,1016.0
2018-05-21,7.839999999999999,0.272538205216592,161.69343904400782,13.760829598988852,0.0,1013.0588302884063,0.03,0.7100000000000001,85.37569060773481,0.9181818181818182,47.00826446280992,1011.9201101928375
2018-05-22,11.59,0.9118336397058823,164.5870863970588,13.845025275735294,0.0,1014.2976792279412,1.02,6.1,163.46831955922866,1.7044077134986226,44.12038567493113,1014.0661157024794
2018-05-23,7.609999999999999,1.1580259680569918,77.41732735838217,11.100551533953809,0.0,1019.2977134321499,0.77,4.08,107.23204419889503,1.3754820936639118,52.72561983471075,1019.0
2018-05-24,0.13999999999999999,0.5698056801195815,123.98459238817983,10.680545015522593,8.98,1016.5860641600552,0.0,0.14,67.40331491712708,0.43453038674033145,73.12872928176795,1015.0469613259669
2018-05-25,0.0,0.05365685372585097,282.5791168353266,11.454220331186752,7.2,1014.6401793928243,0.0,0.0,258.060773480663,0.05966850828729281,75.08867403314916,1015.0
2018-05-26,2.12,1.0278684755116119,67.04943665210394,14.981604966659003,2.7700000000000005,1015.3487008507703,0.16,1.41,78.25690607734806,1.9760330578512395,64.58236914600552,1014.4490358126722
2018-05-27,4.49,0.1840514765023555,160.78639549580603,16.32953004711019,2.75,1012.643686085258,0.86,3.9400000000000004,94.95580110497238,0.4112947658402204,53.00247933884298,1012.0
2018-05-28,1.9000000000000001,0.2730124080882353,153.8020450367647,15.368910845588236,0.0,1015.1899126838235,0.73,1.9000000000000001,144.38674033149172,0.2977961432506887,63.53774104683196,1015.0
2018-05-29,0.0,0.8955067800505632,74.68754309354172,12.636485865318319,7.33,1013.5151689266835,0.0,0.0,95.69146005509641,0.5469613259668509,96.70580110497238,1012.2265193370166
2018-05-30,0.0,0.1163485858818119,54.79627500574845,12.552667279834443,3.56,1010.2337318923891,0.0,0.0,37.672176308539946,0.014876033057851241,83.64214876033057,1010.0
2018-05-31,0.06999999999999999,0.07039760974488624,93.95150540105723,15.436704205929672,30.11000000000001,1011.5603309584004,0.0,0.06,61.56629834254144,0.21845730027548213,78.05096418732782,1011.0
2018-06-01,0.04,0.0783228029867892,175.0566341183228,15.779012062033317,0.47,1013.8005743825388,0.0,0.0,207.32231404958677,0.3236914600550964,64.11515151515151,1014.0
2018-06-02,7.35,0.4491556576680069,239.22527283170592,16.101309592188397,0.0,1014.5608271108558,1.01,6.36,239.853591160221,1.2112947658402204,40.26501377410468,1014.0
2018-06-03,9.200000000000001,0.02429949471750115,184.73909049150205,17.278376205787783,0.0,1014.7278364722094,1.01,4.800000000000001,224.5702479338843,0.15289256198347106,39.17796143250689,1014.0
2018-06-04,0.0,0.6138885697874784,42.55393452039058,13.110947731188974,0.0,1013.3894313612866,0.0,0.0,74.79063360881543,0.9955922865013773,78.80440771349863,1013.0
2018-06-05,3.26,0.8479600045971727,47.768647281921616,10.862567520974599,0.09,1013.5984369612688,0.13,3.26,45.84254143646409,0.7801652892561982,63.45619834710743,1013.198347107438
2018-06-06,11.57,0.43687959558823536,118.62431066176471,12.367095588235296,0.0,1012.5992647058823,1.02,7.0,96.7513812154696,0.6504132231404958,48.53746556473829,1012.0
2018-06-07,0.01,0.21966214663295794,107.1347965984831,12.65933118823259,0.0,1013.2722362675247,0.0,0.0,100.86225895316804,0.31101928374655646,64.85013774104684,1013.0
2018-06-08,1.06,0.20403309203722858,62.624382396874644,13.57567505457888,0.0,1013.6867746753993,0.0,1.06,27.39669421487603,0.4049586776859504,54.166666666666664,1013.0
2018-06-09,1.7799999999999998,0.15129855205699838,86.49241553665824,12.791840956102044,0.0,1012.7890140197655,0.0,0.64,122.28650137741047,0.3278236914600551,60.53498622589532,1012.0
2018-06-10,7.23,0.1316025272831706,106.58024124066628,14.289488799540493,0.0,1011.7487650775416,1.02,6.27,76.9228650137741,0.25961538461538464,52.387362637362635,1011.0027472527472
2018-06-11,14.26,0.22761511080491442,102.6431277988288,15.691744172694913,0.0,1010.9803651395108,1.02,6.720000000000001,84.04683195592287,0.5673076923076922,34.65082417582418,1010.0
2018-06-12,1.99,0.4507927389705882,96.97093290441177,12.612660845588236,0.0,1013.9005055147059,0.26,1.99,78.68232044198895,0.8126721763085399,54.30661157024793,1014.900826446281
2018-06-13,5.13,0.908353441342066,180.64816729863264,13.915787659427783,0.0,1013.7349189934505,0.0,0.0,203.57575757575756,2.4501377410468317,50.03305785123967,1013.0
2018-06-14,4.88,1.7980466505802597,243.01735033896358,14.679202573825119,0.16000000000000003,1008.7484775364817,0.6900000000000001,4.34,230.0495867768595,2.1920110192837465,39.8137741046832,1009.3223140495868
2018-06-15,5.88,0.9324678308823531,258.3775275735294,13.519198069852942,0.0,1012.8729319852941,0.0,1.4100000000000001,261.87052341597797,2.152341597796143,40.54297520661157,1013.0
2018-06-16,1.0,1.1695632183908047,228.3132183908046,12.6386091954023,0.26,1010.5074712643678,0.11,0.8,222.55096418732782,1.6807162534435258,72.04545454545455,1009.1432506887053
2018-06-17,0.02,1.0538682607196228,219.8084837337625,12.556247844579836,0.61,1012.0872514082079,0.0,0.0,236.09944751381215,2.169060773480663,69.96657458563536,1012.0
2018-06-18,8.11,2.2284811580882353,248.5753676470588,15.543956801470586,0.0,1015.0798483455883,0.81,2.95,254.87052341597797,3.5044077134986225,60.81763085399449,1015.8429752066115
2018-06-19,2.5600000000000005,1.065184929933379,252.2670572019297,16.981633356305995,0.0,1018.2186997473007,0.18,0.26,250.0495867768595,1.3322314049586776,61.43691460055097,1018.1404958677685
2018-06-20,2.34,1.2714302125215395,243.60631820792648,15.868087306145895,0.0,1016.3515221137277,0.08,2.1100000000000003,235.46005509641873,2.2646408839779006,74.0732044198895,1016.0
2018-06-21,11.15,1.8188024365015518,295.6675094816688,11.830513734053557,0.0,1021.7388805884381,0.38,5.109999999999999,302.04696132596683,1.9886740331491712,35.15994475138122,1023.0
2018-06-22,13.6,0.24100678082978969,197.5374094931617,13.38771405585565,0.0,1025.3244454660385,0.8400000000000001,6.07,66.76308539944904,0.24820936639118454,35.945454545454545,1025.0
2018-06-23,5.93,0.335980234428867,230.14732245460814,14.830395311422661,0.0,1023.3910595265456,0.0,0.32,299.7741046831956,0.7713498622589532,33.73911845730027,1022.4765840220385
2018-06-24,14.89,0.038384650735294124,118.20094209558823,16.14353170955882,0.0,1020.9196920955883,1.01,7.199999999999999,147.3030303030303,0.049586776859504134,26.398622589531684,1020.8650137741047
2018-06-25,16.270000000000003,0.06456539212309106,136.18899988517626,19.181651165461016,0.0,1021.5031576530026,1.01,7.15,104.99724517906336,0.14710743801652895,22.77878787878788,1021.0110192837466
2018-06-26,16.07,0.253202479338843,140.6230486685032,19.161053719008265,0.0,1021.7079889807162,1.02,7.13,87.17355371900827,0.5181318681318681,26.064285714285717,1021.0
2018-06-27,12.67,0.5923995407577496,63.599540757749715,16.085189437428244,0.0,1021.6458094144662,1.02,7.32,67.30386740331491,0.984297520661157,35.11515151515151,1021.0
2018-06-28,7.180000000000001,0.7019175565506948,53.05534504535538,15.986703410265244,0.01,1020.8286829716385,0.95,4.390000000000001,52.209366391184574,1.322038567493113,39.007713498622586,1020.0
2018-06-29,14.09,0.9675048800091859,54.216442760362845,16.238500401883112,0.0,1018.3100241129865,1.02,7.09,71.28099173553719,1.111570247933884,31.701652892561984,1016.9889807162534
2018-06-30,13.030000000000001,0.8561703593158075,67.52198369877166,17.909470784066123,0.0,1013.2573757318333,1.02,7.180000000000001,54.27900552486188,1.1286501377410467,31.513498622589534,1011.7961432506887
2018-07-01,9.600000000000001,0.42936653660775764,51.50872159742942,19.558549460638055,0.0,1011.1621528574707,0.060000000000000005,2.85,56.59779614325069,1.262087912087912,31.313736263736267,1010.25
2018-07-02,15.98,0.872794033275961,56.96041308089501,19.368433734939757,0.0,1013.4123924268503,1.01,7.280000000000001,63.84848484848485,1.0782369146005508,22.291460055096422,1013.0
2018-07-03,15.84999999999999,1.1049242424242423,53.00723140495868,17.16322314049587,0.0,1014.4563820018366,1.02,7.079999999999991,73.35812672176309,1.2837912087912087,26.267857142857142,1013.9615384615385
2018-07-04,7.66,0.16509011594535644,154.1942371713925,17.108575364481688,0.0,1012.2742509470784,0.0,1.8199999999999998,61.033149171270715,0.331404958677686,38.07988980716254,1011.0
2018-07-05,10.040000000000001,0.2515259293253786,277.63859568609456,21.032652592932543,0.01,1012.7540156034878,1.02,6.24,163.9313186813187,0.7146005509641873,21.39035812672176,1013.0
2018-07-06,14.34,0.25841459217620744,273.12446942755537,20.38434094298497,0.0,1017.6748881495928,0.93,5.75,240.84848484848484,0.41074380165289254,30.52865013774105,1018.0
2018-07-07,15.459999999999999,0.3590617114016976,218.5237439779766,20.417114016976374,0.0,1020.3140628584538,1.01,7.0200000000000005,274.2554945054945,0.9165289256198348,30.78071625344353,1020.0468319559228
2018-07-08,14.989999999999998,0.32597477064220187,103.57591743119266,21.1427752293578,0.0,1021.9836009174312,1.02,6.529999999999999,168.97796143250687,1.0168044077134988,30.40964187327824,1022.0
2018-07-09,6.33,0.49704094506250723,119.89356577589173,19.556531712352335,0.0,1021.7335703635738,0.4,2.7,295.86538461538464,1.0501377410468318,36.8763085399449,1020.5151515151515
2018-07-10,12.490000000000002,0.5671563002065642,65.86561854487033,16.266020197383522,0.0,1020.1932522377783,1.02,7.130000000000001,73.79945054945055,1.028099173553719,36.86088154269972,1019.1652892561983
2018-07-11,7.72,0.14826636050516648,82.00734787600459,15.664546498277844,0.0,1018.2507462686567,0.26,4.76,45.50276243093923,0.2302197802197802,40.4510989010989,1017.0
2018-07-12,7.67,0.1861178091629349,65.99322539901252,15.895946721782064,0.0,1018.1813066942244,0.41,4.63,79.50137741046832,0.5641873278236915,38.7633608815427,1017.9146005509642
2018-07-13,4.119999999999999,0.20141233207027215,146.8669192789069,16.761534045240555,0.0,1018.2395223332185,0.0,0.75,131.66666666666666,0.7713498622589532,44.571074380165285,1017.0275482093664
2018-07-14,11.950000000000003,0.3106429391504018,224.2102181400689,19.06642939150402,0.0,1016.2408725602755,0.49000000000000005,4.74,223.61157024793388,0.5239010989010988,35.60164835164835,1015.0
2018-07-15,15.64,0.3618774386045444,274.54291943998163,19.335942162038098,0.0,1013.1534312600413,1.02,7.0600000000000005,245.75757575757575,0.9607142857142859,30.285989010989013,1012.0
2018-07-16,4.470000000000001,0.5892000459084126,259.2449213818432,18.50148054631011,0.0,1011.0097555377023,0.27,1.06,244.30578512396696,0.8502747252747253,32.480494505494505,1010.0
2018-07-17,6.390000000000001,0.9110013780431786,255.4018144235186,15.944683050068905,0.0,1012.8974506201195,0.06,1.35,261.0165289256198,1.5173553719008264,41.9595041322314,1013.0
2018-07-18,1.9600000000000002,0.10694683660581009,242.02250545412792,17.650350212423927,0.0,1014.8165116546102,0.0,0.04,218.20936639118457,0.24765840220385676,32.78099173553719,1014.9862258953168
2018-07-19,1.7400000000000002,0.037779818620135464,248.29261852829757,19.02468143726323,0.0,1014.8185053380782,0.07,1.17,272.3168044077135,0.07134986225895318,33.209366391184574,1014.0027548209366
2018-07-20,0.64,0.19509815176213982,286.5924692917001,17.516174951211113,5.800000000000001,1011.3926070485593,0.15000000000000002,0.15,289.06060606060606,0.33002754820936636,37.693939393939395,1010.0
2018-07-21,4.17,0.07795890253702216,252.8343473768798,17.74124669957525,0.01,1011.5823671220296,0.39,3.45,0.0,0.29311294765840223,44.4771349862259,1012.0
2018-07-22,2.8200000000000003,0.20169861127051533,301.69746356019743,20.213485596235508,0.0,1012.7299437621945,0.6200000000000001,1.59,282.5399449035813,0.8170798898071626,38.59173553719008,1012.3085399449036
2018-07-23,13.89,0.688605851979346,256.6671256454389,21.351199082042456,0.0,1013.0224899598394,0.46,5.82,235.11019283746558,1.1669421487603306,36.992011019283744,1012.0853994490358
2018-07-24,13.04,0.6600298370438376,267.2570576084462,20.149058985540506,0.0,1011.7796649070461,0.61,5.45,242.46556473829202,1.3606060606060606,37.37438016528925,1011.0
2018-07-25,11.68,0.15532476474638512,275.61716777599264,19.81922194170301,0.0,1013.7720908882259,0.96,6.6,297.26997245179064,0.40303030303030296,35.583746556473834,1013.3030303030303
2018-07-26,14.8,0.5776222171218728,243.42712875831995,21.553247647463852,0.41,1010.3953408308469,0.6699999999999999,13.2,294.030303030303,2.038567493112948,33.08016528925619,1009.0
2018-07-27,2.3,0.4136494087934795,210.51498105843186,20.171817242566863,0.24,1006.8778555848927,0.0,0.19,253.5068870523416,0.6754820936639119,53.1526170798898,1006.0
2018-07-28,4.800000000000001,2.111416417567257,205.15647275235688,14.708542193607727,7.220000000000001,1003.1699241204875,0.01,1.12,236.03581267217632,4.394490358126722,46.45702479338842,1003.8622589531681
2018-07-29,0.0,1.7890844260409478,183.7252127904302,14.923073383942949,6.1,1001.9544513457557,0.0,0.0,159.35911602209944,2.9436464088397787,81.25165745856353,1000.0
2018-07-30,0.8800000000000001,0.9547545130504774,203.84983327584226,16.64929285960676,0.0,1007.2016787397953,0.0,0.88,208.1022099447514,2.364917127071823,64.58370165745856,1008.0
2018-07-31,8.16,0.7046781609195403,232.18988505747126,16.570114942528736,0.38,1012.4805747126437,0.48,3.96,261.3839779005525,1.2319559228650137,36.38815426997245,1013.068870523416
2018-08-01,10.49,0.4062047569803516,225.30207974261748,16.681810869815006,0.0,1016.8591290359647,0.74,5.640000000000001,230.4931129476584,0.8523415977961432,36.698071625344355,1017.0
2018-08-02,11.39,0.2870778773259821,245.85871812543073,19.111589708247188,0.0,1018.8437858947852,0.79,4.680000000000001,237.14600550964187,0.6402203856749312,45.52506887052341,1019.0
2018-08-03,9.32,0.3269711924710203,297.93515436703774,20.404269482382645,0.0,1018.9334328015609,0.04,2.7,289.59504132231405,1.0079670329670332,46.13131868131869,1018.0
2018-08-04,10.21,0.34425570985883164,257.56983817284515,19.195856765752325,0.0,1020.1680247905429,0.92,6.390000000000001,200.57300275482095,0.7308539944903581,35.99972451790634,1020.0
2018-08-05,14.23,0.19859979341214273,137.72145070584185,20.24516240100998,0.0,1018.572133593481,1.02,6.45,174.7410468319559,0.5760330578512397,29.59614325068871,1017.0495867768595
2018-08-06,12.700000000000001,0.27666972687629104,241.6506770713794,20.238593068625203,0.0,1012.0288042230893,1.01,4.9399999999999995,255.06887052341597,0.820054945054945,29.787087912087912,1010.989010989011
2018-08-07,9.299999999999999,0.7488924595432113,260.43991736485714,18.668633077011364,0.0,1006.138758177436,0.81,2.35,251.9504132231405,1.3451790633608816,33.959779614325065,1005.0
2018-08-08,3.1,0.849609375,245.39705882352942,14.962189797794117,0.0,1008.3887867647059,0.25,0.35,233.21212121212122,1.3385674931129476,45.14352617079889,1009.0
2018-08-09,0.0,0.2723250201126307,266.2428456499253,14.004424778761061,0.03,1010.6038386392369,0.0,0.0,230.88950276243094,0.5069060773480663,38.44226519337016,1010.0
2018-08-10,5.539999999999999,0.6515639374425022,254.49149034038638,12.118560257589696,3.7,1014.1072907083717,0.48,3.8,251.82596685082873,2.7796143250688705,41.85454545454546,1013.0
2018-08-11,5.76,0.3182016787397953,200.6735655973324,13.018305162699779,2.7399999999999998,1016.649074393469,0.0,0.0,165.74309392265192,1.045303867403315,68.66657458563537,1016.0
2018-08-12,0.0,0.31550494593972855,171.96560846560845,14.487876696572348,7.24,1006.9520358868185,0.0,0.0,169.1988950276243,0.48342541436464087,76.38480662983426,1005.6160220994475
2018-08-13,2.1500000000000004,0.7286321839080461,281.67057471264366,16.353390804597698,0.0,1005.4529885057472,0.16,1.77,301.3066298342541,1.690633608815427,46.85537190082645,1005.8539944903581
2018-08-14,2.88,0.9313642110102288,268.8313986898058,15.891771060797607,0.0,1012.7660039075969,0.0,1.96,277.3030303030303,1.853314917127072,57.44088397790055,1013.0220994475138
2018-08-15,0.38,1.211634858588181,238.63439871234766,16.960243734191767,0.0,1013.1739480340308,0.0,0.26,249.53591160220995,2.1712707182320443,53.813259668508294,1013.0
2018-08-16,2.34,1.1604921237208232,244.969989651604,14.727607220880765,8.66,1010.3750718638611,0.19,2.34,241.58677685950414,1.434254143646409,44.661878453038675,1010.0
2018-08-17,5.619999999999999,1.1318464014716025,256.13221430213844,13.898689353874452,0.0,1015.5195447229248,0.51,1.33,258.50276243093924,2.8415977961432506,45.301928374655645,1016.0
2018-08-18,0.27,1.0624770009199633,232.360625574977,16.02358555657774,0.0,1016.3824747010119,0.0,0.16,232.41873278236915,1.8702479338842974,67.49228650137741,1016.3911845730028
2018-08-19,4.050000000000001,1.5946666666666667,236.04563218390805,17.33250574712644,0.0,1014.6787356321839,0.8500000000000001,3.86,224.66022099447514,2.7236914600550963,60.81763085399448,1014.1101928374655
2018-08-20,2.7499999999999996,0.5173943014705882,257.4948299632353,17.5158203125,0.0,1016.1906020220588,0.62,2.6399999999999997,280.06887052341597,1.5044077134986222,56.42121212121212,1016.0
2018-08-21,4.81,0.2939689833429064,250.91476163124642,16.760792647903504,0.0,1015.4801838024124,1.0,4.71,237.78176795580112,0.709090909090909,52.81763085399449,1015.0
2018-08-22,0.8099999999999999,0.6294070328660079,244.29407032866007,16.14226614571363,0.0,1013.3947368421053,0.01,0.81,249.64364640883977,1.3548209366391184,63.75867768595042,1013.0
2018-08-23,1.71,1.0927717766030796,248.4772466099747,14.505435532061595,1.3599999999999999,1009.9867846472075,0.09,0.58,328.69060773480663,2.994214876033058,55.17493112947658,1009.0
2018-08-24,3.51,1.4273772565252385,267.2437622168564,10.641635046567782,0.38,1010.2106473496608,0.1,0.25,279.0303867403315,2.621212121212121,52.827823691460054,1009.0
2018-08-25,7.109999999999999,0.6841899505576635,260.9687248476486,10.631620098884673,0.07,1011.5804300333448,0.12,1.9800000000000002,308.9834710743802,0.8179063360881543,65.36143250688704,1012.0495867768595
2018-08-26,0.0,1.1093221314305444,202.84025779721486,11.98065370008056,10.969999999999999,1005.3129243871562,0.0,0.0,164.73204419889504,1.6776243093922651,94.42762430939226,1000.1408839779006
2018-08-27,0.99,0.9947071683350592,270.0088597399609,13.882441606259347,0.02,1008.9783684271085,0.0,0.02,258.9337016574586,1.4632596685082875,61.47707182320441,1010.9613259668508
2018-08-28,0.53,0.07842686292548298,199.92076816927323,14.339098436062558,0.94,1012.934337626495,0.26,0.53,196.31767955801104,0.12403314917127073,48.90469613259668,1012.0552486187845
2018-08-29,1.7,0.6434402667586525,303.20616304472804,13.168667356559734,0.39,1013.050822122571,0.0,1.69,309.33608815427,1.3407713498622589,60.0809917355372,1013.9862258953168
2018-08-30,5.02,0.05539204414808002,180.76891239365372,12.177604046907337,0.0,1018.9251552080938,0.0,0.01,177.30027548209367,0.030303030303030304,36.59201101928375,1019.0
2018-08-31,5.82,0.05548401931478501,106.68050126465855,13.378765233386986,0.0,1019.0229937916763,0.61,3.44,60.074585635359114,0.027348066298342542,35.46187845303868,1018.0552486187845
2018-09-01,7.199999999999999,0.3160767639623075,160.37623534819582,15.465709032406345,0.0,1020.4561020455068,0.6799999999999999,1.6,155.0414364640884,0.5473829201101928,40.233608815427,1020.0
2018-09-02,8.06,0.12295496323529412,179.65395220588235,16.437890625,0.0,1019.4682904411765,0.01,1.6700000000000002,160.82596685082873,0.10330578512396695,32.992286501377414,1018.0027548209366
2018-09-03,0.5700000000000001,0.25515854779411773,196.02447150735293,15.887787224264708,0.0,1016.8883272058823,0.0,0.0,76.22314049586777,0.0011019283746556475,46.766391184573,1016.0
2018-09-04,4.34,0.324882251579552,112.50246984491672,14.115784032165424,0.0,1017.5230327398048,0.08,1.1500000000000001,55.988950276243095,0.5707988980716254,52.425619834710744,1017.0
2018-09-05,7.25,0.4779871323529412,164.31468290441177,14.253113511029412,0.0,1017.3807444852941,0.9099999999999999,2.66,110.10192837465564,0.6610497237569061,43.741436464088395,1017.0
2018-09-06,4.1899999999999995,0.46286206896551724,303.7054022988506,11.863333333333333,0.23,1013.1798850574712,0.0,0.0,265.6160220994475,1.8509641873278235,64.95509641873278,1011.0
2018-09-07,7.57,0.8029773537188183,276.4199333256696,10.319427520404643,0.0,1012.9081503621106,0.52,2.54,273.44198895027625,2.03121546961326,41.26022099447514,1013.0
2018-09-08,0.0,0.5601219231654015,224.04094778007823,12.47564987347596,0.0,1013.6426270991489,0.0,0.0,193.64917127071823,1.0639118457300274,57.802479338842964,1013.33608815427
2018-09-09,5.33,1.3455966888939985,231.4111289951713,14.765658772131525,0.0,1014.0027592550011,0.6400000000000001,2.71,231.24309392265192,2.4845730027548214,50.41349862258953,1014.0
2018-09-10,1.4700000000000002,0.9316237350505979,234.88327966881326,14.220860165593376,0.0,1016.5347286108556,0.21,0.7300000000000001,254.6022099447514,1.5671270718232042,45.75939226519338,1016.7458563535912
2018-09-11,0.03,1.653771849126035,240.12465501379944,15.705278288868445,0.0,1014.8655703771849,0.0,0.01,237.6814404432133,1.5770718232044199,83.99005524861879,1015.0
2018-09-12,0.43000000000000005,0.0764286535586984,241.24100264459008,10.492411176267678,1.31,1019.0113832355985,0.0,0.43000000000000005,276.8066298342541,0.029201101928374655,57.381818181818176,1020.0
2018-09-13,6.49,0.2591752102292363,263.8346964635411,11.049038129247782,0.0,1018.498214491418,0.0,0.6400000000000001,250.85632183908046,1.1931129476584024,45.103305785123965,1018.0
2018-09-14,2.09,1.0967341306347744,243.0459981600736,12.09827506899724,0.0,1016.3945492180313,0.56,2.0700000000000003,240.95580110497238,1.9732782369146005,57.16776859504132,1015.9586776859504
2018-09-15,4.48,0.47389904564792457,241.02242152466368,13.084500402437621,0.0,1018.447280671496,0.0,0.79,257.64088397790056,1.2005524861878454,46.92237569060774,1018.4889502762431
2018-09-16,1.2,0.9243706173123347,202.13990113806184,15.112817565237384,0.0,1013.9476951373721,0.03,0.27,211.65469613259668,2.091160220994475,62.43729281767955,1013.0
2018-09-17,5.3500000000000005,0.8182580719292198,186.49052051016892,16.8506606917155,0.0,1009.5545214293921,1.01,5.03,192.6988950276243,1.5575757575757578,33.467217630853995,1008.0
2018-09-18,1.4300000000000002,2.846418799291808,214.81683566714952,16.22235634958957,0.0,1004.2554321583776,0.37,1.15,238.87292817679557,2.914876033057851,66.81294765840221,1007.6198347107438
2018-09-19,2.84,2.3828794668505116,222.75996782718602,15.375422268183383,0.43,1008.403883718258,0.0,0.05,212.91184573002755,4.093922651933702,62.946961325966846,1007.9723756906077
2018-09-20,0.02,1.9628088725433857,219.91598666819905,14.340926330306862,8.850000000000001,1004.6696931387197,0.0,0.02,188.91184573002755,3.693093922651934,68.23618784530387,1003.8674033149172
2018-09-21,9.440000000000001,3.037390804597701,256.3941379310345,10.73480459770115,0.0,1006.0910344827586,1.02,4.03,259.8567493112948,4.912947658402204,41.94903581267218,1008.4435261707989
2018-09-22,0.0,0.2729829414476717,205.61257107730137,8.729660365759951,4.42,1014.207468879668,0.0,0.0,239.8950276243094,0.5449035812672176,89.67878787878789,1012.4986225895317
2018-10-23,1.7000000000000002,0.9034482758620689,293.2586206896552,11.151149425287354,0.0,1025.2459770114942,0.8799999999999999,1.6999999999999997,304.0,1.3583333333333334,56.050000000000004,1024.8916666666667
2018-10-24,5.140000000000001,0.4297202797202797,316.9195804195804,9.752447552447553,0.0,1023.8118881118882,0.9999999999999998,2.29,334.6,0.6916666666666668,59.75833333333333,1023.3083333333335
2018-10-25,0.29,0.30475788288288286,300.5554617117117,7.659290540540541,0.0,1015.3117961711712,0.0,0.0,330.0833333333333,0.4887052341597796,75.69944903581268,1016.6517906336089
2018-10-26,4.81,1.2531131315456323,291.0650247439291,5.777108988376108,0.5700000000000001,1009.4888249510876,0.99,2.85,303.8484848484849,2.2181818181818183,66.20881542699725,1008.7531680440771
2018-10-27,3.25,1.093508287292818,220.6534300184162,1.6812615101289135,2.3899999999999997,1011.8582642725596,0.0,0.0,222.9060773480663,1.3099447513812157,90.64033149171271,1011.7955801104972
2018-10-28,4.23,0.7077675489067894,110.70333716915995,2.874165707710011,0.11,1015.0354545454545,0.14,1.73,67.35082872928177,1.1240331491712707,62.52790055248619,1015.2740331491713
2018-10-29,8.370000000000001,0.17588627992633515,131.21328268876613,1.2807090239410683,0.01,1005.3397099447515,0.5700000000000001,2.5700000000000003,93.68232044198895,0.6378453038674035,57.245027624309394,1002.8635359116022
2018-10-30,0.0,0.9366889093419237,272.84986194201565,2.731638288080994,0.01,996.93985273815,0.0,0.0,308.23204419889504,1.1337016574585634,72.00939226519337,996.4709944751381
2018-10-31,4.720000000000001,0.6276096213603406,151.6443779491311,4.751950742317873,0.0,1003.5395327425481,0.03,0.63,126.54143646408839,0.9488950276243094,63.296408839779005,1003.6386740331494
2018-11-01,0.09000000000000001,0.22015191621590516,255.11612383473357,6.049349752560709,1.9800000000000002,1004.4179767522155,0.04,0.09000000000000001,264.7900552486188,0.45773480662983423,80.18563535911602,1005.0328729281769
2018-11-02,8.690000000000001,0.28073690270581464,236.32400690846288,3.397225100748417,0.0,1019.4273920552678,1.01,3.2,277.08011049723757,0.03011049723756906,46.164917127071824,1021.5541436464088
2018-11-03,2.87,1.035797351755901,172.63649971214738,7.019078871617731,0.0,1016.6919746689696,0.0,0.12,165.21270718232043,1.71767955801105,70.91243093922651,1015.0975138121547
2018-11-04,0.0,0.9274737933417809,158.6658219099182,8.339154475290865,1.22,1006.4375532772723,0.0,0.0,164.68994413407822,0.6011049723756907,73.27348066298343,1005.0577348066299
2018-11-05,2.49,0.11044209072069998,133.48883260419066,9.442033156804051,0.0,1001.3444047893162,0.0,0.32,62.86426592797784,0.0143646408839779,72.11215469613259,1000.525690607735
2018-11-06,2.1499999999999995,1.2533310321021747,156.44609366010815,10.432965136347946,0.29000000000000004,996.8259233690023,0.33,2.06,177.45027624309392,2.064640883977901,74.76629834254145,996.0223756906079
2018-11-07,0.6800000000000002,1.8956261510128913,185.4130985267035,9.084265653775322,9.81,995.46091160221,0.0,0.19999999999999998,156.61388888888888,1.6317679558011051,89.20524861878452,995.5417127071825
2018-11-08,1.27,1.1765484688003685,167.31729219433572,7.223370941745337,0.9,1009.3943587381995,0.0,0.01,162.72099447513813,1.5422651933701657,65.35718232044199,1009.9359116022098
2018-11-09,0.42,1.8501266405710337,158.8899378309924,8.075443241998617,5.27,1000.005480082892,0.0,0.42000000000000004,146.75277777777777,1.7226519337016573,68.26353591160222,998.1743093922652
2018-11-10,4.26,0.5289825046040516,183.0982965009208,7.587442449355434,8.430000000000001,992.3332182320441,0.0,0.19,170.23756906077347,0.49337016574585635,86.96850828729282,992.5011049723757
2018-11-11,7.449999999999999,0.9036051601013592,186.95899562312832,7.638435844275512,5.079999999999999,997.0575558627044,0.82,2.55,219.7292817679558,0.7317679558011049,61.1889502762431,999.1709944751382
2018-11-12,6.569999999999999,0.9904306771073238,191.60156609857208,8.616490096729619,0.09,1005.6336596038693,0.71,1.98,178.3950276243094,2.2243093922651935,63.10027624309393,1006.3651933701658
2018-11-13,7.01,0.9424033149171271,213.92276703499078,8.0083908839779,0.0,1015.9784069981584,0.06,1.9000000000000001,238.93093922651934,0.3632596685082873,69.4171270718232,1018.7784530386739
2018-11-14,5.24,0.6616634028337749,187.1035594977537,9.52932841838498,0.01,1017.1502591867297,0.99,3.03,204.54419889502762,0.2787292817679558,58.225966850828726,1016.5234806629834
2018-11-15,1.0699999999999998,0.26642495395948435,161.52037292817678,9.925529465930019,0.0,1016.4324125230204,0.0,0.0,166.34530386740332,0.2828729281767956,83.93397790055248,1015.6348066298344
2018-11-16,0.0,0.2666743409692644,133.58788995050074,8.963508691147691,0.01,1020.4374812938877,0.0,0.0,136.94475138121547,0.10803324099722991,88.07950138504155,1020.5662049861496
2018-11-17,5.87,0.40978360957642723,70.47974217311234,6.405801104972375,0.01,1022.1692219152853,0.6799999999999999,2.6999999999999997,93.56077348066299,0.9193370165745857,69.65331491712708,1021.753314917127
2018-11-18,8.06,0.5005300149786842,43.52909321350386,3.837250835349695,0.04,1022.6944233206589,0.83,2.86,35.34530386740332,1.0314917127071823,65.49723756906077,1022.5270718232044
2018-11-19,2.8200000000000003,1.2703017042837403,53.61872409028098,4.255043758636574,0.0,1016.9979272224781,0.56,0.93,57.668508287292816,1.288950276243094,63.568232044198886,1015.5698895027624
2018-11-20,0.09,1.341824044219254,52.918010133578996,2.28041225241824,0.9,1006.6361354214649,0.0,0.0,50.67590027700831,1.736740331491713,83.31077348066299,1004.22182320442
2018-11-21,2.5700000000000003,0.8805366808706669,127.59702867672463,1.680363929517448,0.8600000000000001,1008.6944949902108,0.0,1.13,132.91160220994476,1.9679558011049723,65.32928176795579,1011.0074585635359
2018-11-22,3.15,0.01393046281372323,83.76306700437486,-0.613849873359429,0.11,1013.7956021183513,0.0,0.0,58.16022099447514,0.039502762430939226,95.18453038674033,1013.0284530386741
2018-11-23,0.0,0.12407322127561597,60.96062629518766,3.92963389362192,0.0,1010.4450034538336,0.0,0.0,93.02762430939227,0.32237569060773485,89.40248618784531,1009.792817679558
2018-11-24,0.0,0.8071864562939075,50.61960152021191,5.360140504433951,0.060000000000000005,1007.5368305885064,0.0,0.0,43.107734806629836,1.5714681440443212,79.1224376731302,1007.4501385041551
2018-11-25,0.1,0.5554147465437788,44.69032258064516,3.7347350230414746,0.04,1008.2898387096775,0.0,0.0,35.04709141274238,0.6437673130193905,74.46537396121883,1008.3941828254847
2018-11-26,1.5299999999999998,0.13244270413451573,209.405044339514,3.149833007025222,0.0,1011.1209604975238,0.0,0.05,357.75414364640886,0.09530386740331492,80.16298342541437,1011.5295580110496
2018-11-27,0.0,0.9937795184886536,155.0375532772722,3.2310102522750834,5.360000000000001,1009.1225780440041,0.0,0.0,141.51933701657458,3.5928176795580113,94.00414364640883,1005.1069060773481
2018-11-28,0.0,1.8534377519290568,191.29644132212368,9.678613382471495,3.9499999999999997,1002.7554877346539,0.0,0.0,194.39335180055403,3.675414364640884,85.76160220994477,1000.5267955801107
2018-11-29,0.3500000000000001,2.068485895221647,198.62625215889466,9.147507196315486,3.3800000000000003,998.0870005757052,0.0,0.16,191.13259668508286,1.8654696132596686,75.1403314917127,997.6425414364642
2018-11-30,5.63,1.1933417809008178,223.946089160235,6.221575855316208,0.0,1003.9784241446837,0.0,1.0,218.26519337016575,2.023480662983425,71.37430939226519,1005.6897790055248
2018-12-01,0.6000000000000001,0.8279903203503111,190.59691173081356,7.540193592993778,8.260000000000002,999.8586079741876,0.03,0.6000000000000001,160.2111111111111,1.3140883977900555,82.1328729281768,997.0154696132597
2018-12-02,1.6099999999999999,2.2127850725639253,234.4989633724948,10.587145818935728,1.06,995.4058051140291,0.0,0.09,241.27900552486187,2.179834254143646,90.2096685082873,995.8908839779006
2018-12-03,0.53,1.5003676906654015,258.3337682362709,7.749021468390464,2.6300000000000003,999.4049104495316,0.0,0.08,217.53591160220995,1.4303867403314916,82.24944751381216,999.7593922651935
2018-12-04,3.3399999999999994,0.037086931491076565,220.73506044905008,2.7863327576280947,4.3,1016.5261715601611,0.0,0.0,262.02486187845307,0.0,82.39999999999999,1018.4842541436464
2018-12-05,0.0,0.8048748665638715,184.59696358676314,7.563812121930969,6.35,1009.9026331396038,0.0,0.0,164.38674033149172,0.7527624309392266,94.44171270718232,1006.1085635359117
2018-12-06,0.0,1.3762784438463422,227.507095669195,9.588206508441399,0.09999999999999999,1009.7448617567899,0.0,0.0,225.27348066298342,1.9798342541436464,85.06933701657458,1009.9328729281767
2018-12-07,1.8599999999999999,2.239852057327785,239.07212205270457,7.529842810910772,9.169999999999998,1000.9710818307905,0.24,0.93,257.4600550964187,2.007734806629834,62.77127071823204,1000.0806629834253
2018-12-08,3.28,3.30131822386679,253.19264569842738,7.164789546716004,0.39,999.5773704902867,0.0,0.28,258.1256983240223,4.381767955801105,78.22265193370167,996.8425414364641
2018-12-09,2.9400000000000004,2.125083727913154,281.0362628479039,6.637221388151057,0.11,1007.4060168610696,0.18000000000000002,0.5,311.121546961326,2.0022038567493112,62.670247933884305,1012.2570247933884
2018-12-10,0.51,0.24453278027422512,275.94550063371355,5.119264892268695,0.0,1022.009655490264,0.0,0.0,268.5966850828729,0.027624309392265192,73.12513812154695,1023.0011049723757
2018-12-11,4.91,0.10299401197604792,168.1014509442653,3.9181483187471207,0.0,1019.6906494702902,0.0,0.6699999999999999,146.79005524861878,0.08342541436464088,76.46795580110496,1018.4828729281769
2018-12-12,0.26,1.4962765957446809,132.7346207215541,3.940760869565217,0.0,1016.4550878815911,0.0,0.0,140.38333333333333,2.014364640883978,65.86298342541437,1016.4511049723754
2018-12-13,6.47,0.9835662316664743,111.62328213419563,1.0540247141702277,0.0,1013.900069292066,0.2,1.98,124.23955431754875,0.7635359116022099,57.21187845303868,1013.860497237569
2018-12-14,4.34,0.05524160996424865,154.14219813170337,-1.4983854226732785,0.0,1018.2302848575713,0.31,1.82,171.2534818941504,0.1,64.85883977900554,1018.8099447513813
2018-12-15,0.0,2.888994000922935,154.0626442085833,1.2622865712967237,9.690000000000001,1006.754626211352,0.0,0.0,140.59944751381215,4.99889502762431,93.60193370165746,1001.3685082872929
2018-12-16,1.65,0.36564374711582837,191.82475772958006,4.070754499307799,4.79,1002.834090909091,0.0,0.0,155.5110497237569,0.6226519337016575,85.65745856353591,1002.2726519337016
2018-12-17,5.06,0.28091885028281194,209.76809419369732,4.769190811497173,0.04,1012.0079879949209,0.0,0.8200000000000001,201.45152354570638,0.20083102493074792,83.2961218836565,1014.014404432133
2018-12-18,0.0,1.7478316179021622,179.88157742569678,6.617300797964612,6.450000000000001,1004.4116572221579,0.0,0.0,165.17127071823205,1.9524861878453037,89.95497237569062,1000.953314917127
2018-12-19,4.62,0.32321510824504834,194.84385076001843,4.8852257024412715,2.54,1001.3670543528328,0.22,1.77,215.27624309392266,0.292817679558011,78.24613259668507,1001.917679558011
2018-12-20,3.6599999999999997,1.1691882556131261,218.69188255613125,5.61077720207254,1.8600000000000003,1002.7604490500863,0.0,0.01,228.61325966850828,0.8306629834254144,87.4049723756906,1004.3969613259667
2018-12-21,0.7500000000000001,2.3972126238193963,231.65641557244874,8.390670352453352,3.46,999.0570260308684,0.0,0.55,249.76454293628808,2.2251381215469612,75.65856353591161,1002.0372928176796
2018-12-22,5.540000000000001,0.9964754664823773,245.37456807187283,6.966171389080857,0.04,1012.1655724487446,0.0,1.4100000000000001,238.61325966850828,0.3911602209944751,76.47513812154696,1014.9317679558011
2018-12-23,0.0,0.6008635578583765,194.38986758779504,6.205204375359815,7.18,1014.1431778929189,0.0,0.0,176.77900552486187,1.339779005524862,93.30027624309392,1011.9682320441989
2018-12-24,2.9000000000000004,0.0,244.71922146723483,2.6631924450074855,0.03,1026.6005412875734,0.07,1.7600000000000002,358.085635359116,0.0,81.38864265927978,1028.207756232687
2018-12-25,0.0,0.00823258491652274,163.00379965457685,3.355739781232009,0.15999999999999998,1028.0247553252734,0.0,0.0,166.26519337016575,0.0,91.12493074792243,1027.6174515235457
2018-12-26,0.0,0.04925699804170026,185.9157931113927,6.090392811888031,0.09000000000000001,1024.814802442115,0.0,0.0,217.353591160221,0.0,88.29722991689752,1024.1592797783933
2018-12-27,2.58,0.004238654687859941,220.28772172310528,5.27281732319742,0.0,1021.613764109652,0.52,2.4000000000000004,167.11325966850828,0.0,76.75193370165746,1020.9538674033149
2018-12-28,0.88,0.138168202764977,261.12914746543777,5.920518433179724,0.0,1025.415956221198,0.0,0.0,261.02222222222224,0.10552486187845304,85.81077348066299,1026.2071823204421
2018-12-29,0.30000000000000004,0.8480248761948634,257.84901531728667,7.65703098007601,0.0,1027.00036853622,0.0,0.3,247.29085872576178,0.06325966850828729,84.00441988950276,1026.5397790055247
2018-12-30,0.0,0.3070836212854181,255.54123473853952,6.980269523151348,0.0,1029.4673116793367,0.0,0.0,272.4033149171271,0.09917127071823204,88.046408839779,1029.429281767956
2018-12-31,0.08,0.39310146262812395,284.17747322354023,6.852205458942762,0.0,1029.960532074168,0.0,0.0,280.3074792243767,0.3571823204419889,74.26381215469613,1029.6245856353594
