day,time,centre,distance_to_oxford,filename,path,nan_fraction,date
1,10:35:00,"(53.589492500000006, 9.2763845)",10.69314336108408,MOD021KM.A2021001.1035.061.2021001190003.hdf,2021/01/01/MOD021KM.A2021001.1035.061.2021001190003.hdf,2.0,2021-01-01
2,11:20:00,"(47.727060249999994, -4.0642095)",4.906794836216446,MOD021KM.A2021002.1120.061.2021002190459.hdf,2021/01/02/MOD021KM.A2021002.1120.061.2021002190459.hdf,0.0,2021-01-02
3,10:25:00,"(45.611504249999996, 9.039867)",11.989394237210533,MOD021KM.A2021003.1025.061.2021004151042.hdf,2021/01/03/MOD021KM.A2021003.1025.061.2021004151042.hdf,1.0,2021-01-03
4,11:05:00,"(56.557665, 3.0430839999999995)",6.449120801076762,MOD021KM.A2021004.1105.061.2021004190923.hdf,2021/01/04/MOD021KM.A2021004.1105.061.2021004190923.hdf,0.0,2021-01-04
5,10:10:00,"(54.43256325, 15.86346675)",17.32973658826227,MOD021KM.A2021005.1010.061.2021008160834.hdf,2021/01/05/MOD021KM.A2021005.1010.061.2021008160834.hdf,0.26278,2021-01-05
6,10:55:00,"(48.589738499999996, 2.4555124999999998)",4.877278428031205,MOD021KM.A2021006.1055.061.2021006191344.hdf,2021/01/06/MOD021KM.A2021006.1055.061.2021006191344.hdf,1.0,2021-01-06
7,10:00:00,"(46.474008999999995, 15.546280250000002)",17.61337393114877,MOD021KM.A2021007.1000.061.2021007191343.hdf,2021/01/07/MOD021KM.A2021007.1000.061.2021007191343.hdf,0.875952,2021-01-07
8,10:40:00,"(57.3815065, 9.6649615)",12.288037991360724,MOD021KM.A2021008.1040.061.2021008194750.hdf,2021/01/08/MOD021KM.A2021008.1040.061.2021008194750.hdf,0.235972,2021-01-08
9,11:25:00,"(51.613698500000005, -3.9906647499999996)",2.7364618816356296,MOD021KM.A2021009.1125.061.2021009191349.hdf,2021/01/09/MOD021KM.A2021009.1125.061.2021009191349.hdf,1.0,2021-01-09
10,10:30:00,"(49.43813075, 8.9885775)",10.504294051153645,MOD021KM.A2021010.1030.061.2021010190550.hdf,2021/01/10/MOD021KM.A2021010.1030.061.2021010190550.hdf,0.0,2021-01-10
11,11:15:00,"(43.49116325000001, -4.086947499999999)",8.731899290899245,MOD021KM.A2021011.1115.061.2021011191443.hdf,2021/01/11/MOD021KM.A2021011.1115.061.2021011191443.hdf,0.273776,2021-01-11
12,10:15:00,"(58.18939674999999, 16.2942095)",18.695175955660343,MOD021KM.A2021012.1015.061.2021012191154.hdf,2021/01/12/MOD021KM.A2021012.1015.061.2021012191154.hdf,0.481076,2021-01-12
13,11:00:00,"(52.447545749999996, 2.5623322500000008)",3.882837915929935,MOD021KM.A2021013.1100.061.2021013191123.hdf,2021/01/13/MOD021KM.A2021013.1100.061.2021013191123.hdf,0.0,2021-01-13
14,10:05:00,"(50.313375750000006, 15.526431)",16.84567283185356,MOD021KM.A2021014.1005.061.2021014191448.hdf,2021/01/14/MOD021KM.A2021014.1005.061.2021014191448.hdf,1.0,2021-01-14
15,10:50:00,"(44.339501, 2.391765)",8.262187132426018,MOD021KM.A2021015.1050.061.2021015191617.hdf,2021/01/15/MOD021KM.A2021015.1050.061.2021015191617.hdf,0.0,2021-01-15
16,11:30:00,"(55.32959425, -3.7808272499999998)",4.377825000765289,MOD021KM.A2021016.1130.061.2021016191413.hdf,2021/01/16/MOD021KM.A2021016.1130.061.2021016191413.hdf,0.0,2021-01-16
17,10:35:00,"(53.2656425, 9.116839249999998)",10.484377819765784,MOD021KM.A2021017.1035.061.2021017231809.hdf,2021/01/17/MOD021KM.A2021017.1035.061.2021017231809.hdf,1.0,2021-01-17
18,11:20:00,"(47.38490375000001, -4.205188249999999)",5.268701608617827,MOD021KM.A2021018.1120.061.2021018191544.hdf,2021/01/18/MOD021KM.A2021018.1120.061.2021018191544.hdf,0.0,2021-01-18
19,10:25:00,"(45.21289275, 8.89103125)",12.07297269158384,MOD021KM.A2021019.1025.061.2021019191708.hdf,2021/01/19/MOD021KM.A2021019.1025.061.2021019191708.hdf,0.000248,2021-01-19
20,11:05:00,"(56.1266345, 2.8104074999999993)",5.973853500057269,MOD021KM.A2021020.1105.061.2021020191809.hdf,2021/01/20/MOD021KM.A2021020.1105.061.2021020191809.hdf,1.0,2021-01-20
21,10:10:00,"(54.067507750000004, 15.68147)",17.096697237455253,MOD021KM.A2021021.1010.061.2021021191241.hdf,2021/01/21/MOD021KM.A2021021.1010.061.2021021191241.hdf,0.26224,2021-01-21
22,10:55:00,"(48.20526425, 2.2972089999999996)",5.02162448602134,MOD021KM.A2021022.1055.061.2021022191223.hdf,2021/01/22/MOD021KM.A2021022.1055.061.2021022191223.hdf,0.0,2021-01-22
23,10:00:00,"(46.07638525, 15.387994749999999)",17.58669259697784,MOD021KM.A2021023.1000.061.2021023191107.hdf,2021/01/23/MOD021KM.A2021023.1000.061.2021023191107.hdf,0.875792,2021-01-23
24,10:40:00,"(56.949476000000004, 9.43036025)",11.884796534994027,MOD021KM.A2021024.1040.061.2021024190902.hdf,2021/01/24/MOD021KM.A2021024.1040.061.2021024190902.hdf,0.129976,2021-01-24
25,11:25:00,"(51.118540249999995, -4.211143)",3.0206119924808403,MOD021KM.A2021025.1125.061.2021025192323.hdf,2021/01/25/MOD021KM.A2021025.1125.061.2021025192323.hdf,0.0,2021-01-25
26,10:30:00,"(49.01228725, 8.81128625)",10.43506157409728,MOD021KM.A2021026.1030.061.2021026203744.hdf,2021/01/26/MOD021KM.A2021026.1030.061.2021026203744.hdf,0.0,2021-01-26
27,11:15:00,"(43.0466095, -4.2432145000000006)",9.203103856156384,MOD021KM.A2021027.1115.061.2021027191151.hdf,2021/01/27/MOD021KM.A2021027.1115.061.2021027191151.hdf,0.371288,2021-01-27
28,10:20:00,"(40.88811075, 8.94813775)",14.905811410842103,MOD021KM.A2021028.1020.061.2021028205903.hdf,2021/01/28/MOD021KM.A2021028.1020.061.2021028205903.hdf,0.607516,2021-01-28
29,11:00:00,"(51.950095499999996, 2.3356127499999997)",3.5987690043170053,MOD021KM.A2021029.1100.061.2021029192347.hdf,2021/01/29/MOD021KM.A2021029.1100.061.2021029192347.hdf,0.0,2021-01-29
30,10:05:00,"(49.80364175, 15.3088085)",16.68068654914765,MOD021KM.A2021030.1005.061.2021032065515.hdf,2021/01/30/MOD021KM.A2021030.1005.061.2021032065515.hdf,0.571056,2021-01-30
31,10:50:00,"(43.84916775, 2.22104825)",8.634607516182665,MOD021KM.A2021031.1050.061.2021032102249.hdf,2021/01/31/MOD021KM.A2021031.1050.061.2021032102249.hdf,0.333944,2021-01-31
1,11:30:00,"(54.847204000000005, -4.0196695)",4.148344648235759,MOD021KM.A2021032.1130.061.2021032190927.hdf,2021/02/01/MOD021KM.A2021032.1130.061.2021032190927.hdf,0.0,2021-02-01
2,10:35:00,"(52.76812325, 8.884921749999998)",10.193394058053656,MOD021KM.A2021033.1035.061.2021033190934.hdf,2021/02/02/MOD021KM.A2021033.1035.061.2021033190934.hdf,0.0,2021-02-02
3,11:20:00,"(46.7805865, -4.43341875)",5.89916449737451,MOD021KM.A2021034.1120.061.2021036235018.hdf,2021/02/03/MOD021KM.A2021034.1120.061.2021036235018.hdf,0.31844,2021-02-03
4,10:25:00,"(44.6375625, 8.686467500000001)",12.227088296461368,MOD021KM.A2021035.1025.061.2021035192308.hdf,2021/02/04/MOD021KM.A2021035.1025.061.2021035192308.hdf,0.000248,2021-02-04
5,11:05:00,"(55.603041000000005, 2.54476675)",5.411956223819311,MOD021KM.A2021036.1105.061.2021036214608.hdf,2021/02/05/MOD021KM.A2021036.1105.061.2021036214608.hdf,0.0,2021-02-05
6,10:10:00,"(53.528333999999994, 15.423658249999999)",16.775669153401868,MOD021KM.A2021037.1010.061.2021038015644.hdf,2021/02/06/MOD021KM.A2021037.1010.061.2021038015644.hdf,0.263788,2021-02-06
7,10:55:00,"(47.59845875, 2.0666755000000006)",5.320091858271983,MOD021KM.A2021038.1055.061.2021038190646.hdf,2021/02/07/MOD021KM.A2021038.1055.061.2021038190646.hdf,0.0,2021-02-07
8,10:00:00,"(45.41458525, 15.1545195)",17.59328777203675,MOD021KM.A2021039.1000.061.2021039195243.hdf,2021/02/08/MOD021KM.A2021039.1000.061.2021039195243.hdf,0.876916,2021-02-08
9,10:40:00,"(56.34913475, 9.1126845)",11.34365560952455,MOD021KM.A2021040.1040.061.2021040191640.hdf,2021/02/09/MOD021KM.A2021040.1040.061.2021040191640.hdf,0.01184,2021-02-09
10,11:25:00,"(50.52866625, -4.46104875)",3.428992370655792,MOD021KM.A2021041.1125.061.2021041191342.hdf,2021/02/10/MOD021KM.A2021041.1125.061.2021041191342.hdf,0.0,2021-02-10
11,10:30:00,"(48.40699575, 8.573497)",10.384675627352404,MOD021KM.A2021042.1030.061.2021042191312.hdf,2021/02/11/MOD021KM.A2021042.1030.061.2021042191312.hdf,0.0,2021-02-11
12,11:10:00,"(59.1493925, 2.9506170000000003)",8.510660830484621,MOD021KM.A2021043.1110.061.2021043191105.hdf,2021/02/12/MOD021KM.A2021043.1110.061.2021043191105.hdf,0.467824,2021-02-12
13,10:15:00,"(57.07832775, 15.68567)",17.760843286773298,MOD021KM.A2021044.1015.061.2021044190848.hdf,2021/02/13/MOD021KM.A2021044.1015.061.2021044190848.hdf,0.236696,2021-02-13
14,11:00:00,"(51.28044525, 2.04236375)",3.3335843526618048,MOD021KM.A2021045.1100.061.2021045190843.hdf,2021/02/14/MOD021KM.A2021045.1100.061.2021045190843.hdf,0.0,2021-02-14
15,10:05:00,"(49.1581325, 15.0592135)",16.5217981701157,MOD021KM.A2021046.1005.061.2021046191453.hdf,2021/02/15/MOD021KM.A2021046.1005.061.2021046191453.hdf,0.573056,2021-02-15
16,10:50:00,"(43.183499999999995, 1.9951357499999993)",9.165158627458563,MOD021KM.A2021047.1050.061.2021047192159.hdf,2021/02/16/MOD021KM.A2021047.1050.061.2021047192159.hdf,0.20432,2021-02-16
17,11:30:00,"(54.15218925, -4.349707749999999)",3.914258596704567,MOD021KM.A2021048.1130.061.2021048192127.hdf,2021/02/17/MOD021KM.A2021048.1130.061.2021048192127.hdf,0.0,2021-02-17
18,10:35:00,"(52.01778275, 8.5522035)",9.81350330664385,MOD021KM.A2021049.1035.061.2021054221326.hdf,2021/02/18/MOD021KM.A2021049.1035.061.2021054221326.hdf,0.0,2021-02-18
19,11:20:00,"(46.10911125, -4.674956999999999)",6.596956786953028,MOD021KM.A2021050.1120.061.2021050190756.hdf,2021/02/19/MOD021KM.A2021050.1120.061.2021050190756.hdf,0.0,2021-02-19
20,10:25:00,"(43.979406250000004, 8.456073750000002)",12.440683826411156,MOD021KM.A2021051.1025.061.2021051191135.hdf,2021/02/20/MOD021KM.A2021051.1025.061.2021051191135.hdf,0.000272,2021-02-20
21,11:05:00,"(54.986824, 2.2367150000000002)",4.761829743197564,MOD021KM.A2021052.1105.061.2021052192109.hdf,2021/02/21/MOD021KM.A2021052.1105.061.2021052192109.hdf,0.0,2021-02-21
22,10:10:00,"(52.83854, 15.104936749999998)",16.398672220154,MOD021KM.A2021053.1010.061.2021053191127.hdf,2021/02/22/MOD021KM.A2021053.1010.061.2021053191127.hdf,0.263536,2021-02-22
23,10:55:00,"(46.95345125, 1.8206772499999997)",5.7010943334981,MOD021KM.A2021054.1055.061.2021054215115.hdf,2021/02/23/MOD021KM.A2021054.1055.061.2021054215115.hdf,0.0,2021-02-23
24,10:00:00,"(44.822444499999996, 14.934214)",17.612405242072313,MOD021KM.A2021055.1000.061.2021055211557.hdf,2021/02/24/MOD021KM.A2021055.1000.061.2021055211557.hdf,0.876852,2021-02-24
25,10:40:00,"(55.795604000000004, 8.82229425)",10.86080187595967,MOD021KM.A2021056.1040.061.2021056192336.hdf,2021/02/25/MOD021KM.A2021056.1040.061.2021056192336.hdf,0.0,2021-02-25
26,11:25:00,"(49.93172925, -4.7125185)",3.9050168336702256,MOD021KM.A2021057.1125.061.2021057192735.hdf,2021/02/26/MOD021KM.A2021057.1125.061.2021057192735.hdf,0.0,2021-02-26
27,10:30:00,"(47.78028075, 8.3200995)",10.368644900034951,MOD021KM.A2021058.1030.061.2021058191803.hdf,2021/02/27/MOD021KM.A2021058.1030.061.2021058191803.hdf,0.0,2021-02-27
28,11:10:00,"(58.61321175, 2.6294577499999994)",7.885824120009465,MOD021KM.A2021059.1110.061.2021059191935.hdf,2021/02/28/MOD021KM.A2021059.1110.061.2021059191935.hdf,0.350832,2021-02-28
1,10:15:00,"(56.58643375, 15.413044249999999)",17.357576545475666,MOD021KM.A2021060.1015.061.2021060191954.hdf,2021/03/01/MOD021KM.A2021060.1015.061.2021060191954.hdf,2.0,2021-03-01
2,11:00:00,"(50.78729225, 1.82381875)",3.228996570068112,MOD021KM.A2021061.1100.061.2021061221113.hdf,2021/03/02/MOD021KM.A2021061.1100.061.2021061221113.hdf,0.0,2021-03-02
3,10:05:00,"(48.592673500000004, 14.82158875)",16.386728491052715,MOD021KM.A2021062.1005.061.2021065013441.hdf,2021/03/03/MOD021KM.A2021062.1005.061.2021065013441.hdf,0.57026,2021-03-03
4,10:50:00,"(42.623506500000005, 1.7964290000000003)",9.625855677714227,MOD021KM.A2021063.1050.061.2021063191426.hdf,2021/03/04/MOD021KM.A2021063.1050.061.2021063191426.hdf,0.324324,2021-03-04
5,11:30:00,"(53.66940525, -4.59716575)",3.850775816397341,MOD021KM.A2021064.1130.061.2021064201823.hdf,2021/03/05/MOD021KM.A2021064.1130.061.2021064201823.hdf,0.0,2021-03-05
6,10:35:00,"(51.583102, 8.3480865)",9.607271247236971,MOD021KM.A2021065.1035.061.2021065191523.hdf,2021/03/06/MOD021KM.A2021065.1035.061.2021065191523.hdf,0.0,2021-03-06
7,11:20:00,"(45.61697725, -4.8670480000000005)",7.117998112399414,MOD021KM.A2021066.1120.061.2021066190936.hdf,2021/03/07/MOD021KM.A2021066.1120.061.2021066190936.hdf,0.0,2021-03-07
8,10:25:00,"(43.43162975, 8.25382925)",12.63715750359592,MOD021KM.A2021067.1025.061.2021067203640.hdf,2021/03/08/MOD021KM.A2021067.1025.061.2021067203640.hdf,0.081364,2021-03-08
9,11:05:00,"(54.4479965, 1.9582447500000004)",4.196510188604909,MOD021KM.A2021068.1105.061.2021068192002.hdf,2021/03/09/MOD021KM.A2021068.1105.061.2021068192002.hdf,0.0,2021-03-09
10,10:10:00,"(52.364402749999996, 14.8797445)",16.149060409781985,MOD021KM.A2021069.1010.061.2021069193415.hdf,2021/03/10/MOD021KM.A2021069.1010.061.2021069193415.hdf,0.262104,2021-03-10
11,10:55:00,"(46.45829275, 1.6222547500000002)",6.026398245283013,MOD021KM.A2021070.1055.061.2021070191416.hdf,2021/03/11/MOD021KM.A2021070.1055.061.2021070191416.hdf,0.0,2021-03-11
12,10:00:00,"(44.228201999999996, 14.713805749999999)",17.654929404194373,MOD021KM.A2021071.1000.061.2021071193845.hdf,2021/03/12/MOD021KM.A2021071.1000.061.2021071193845.hdf,0.874964,2021-03-12
13,10:40:00,"(55.2156755, 8.515515)",10.368836936008073,MOD021KM.A2021072.1040.061.2021072193348.hdf,2021/03/13/MOD021KM.A2021072.1040.061.2021072193348.hdf,0.0,2021-03-13
14,11:25:00,"(49.36723, -4.956222250000001)",4.400703896724373,MOD021KM.A2021073.1125.061.2021073190712.hdf,2021/03/14/MOD021KM.A2021073.1125.061.2021073190712.hdf,0.0,2021-03-14
15,10:30:00,"(47.24107575, 8.10194125)",10.389962556137515,MOD021KM.A2021074.1030.061.2021074195022.hdf,2021/03/15/MOD021KM.A2021074.1030.061.2021074195022.hdf,0.0,2021-03-15
16,11:10:00,"(58.09015925, 2.32185225)",7.279111002645899,MOD021KM.A2021075.1110.061.2021075205621.hdf,2021/03/16/MOD021KM.A2021075.1110.061.2021075205621.hdf,0.228416,2021-03-16
17,10:15:00,"(55.96319525, 15.07729275)",16.86908870022845,MOD021KM.A2021076.1015.061.2021076192156.hdf,2021/03/17/MOD021KM.A2021076.1015.061.2021076192156.hdf,0.01,2021-03-17
18,11:00:00,"(50.13427125, 1.5407252500000004)",3.2323722230606644,MOD021KM.A2021077.1100.061.2021077201013.hdf,2021/03/18/MOD021KM.A2021077.1100.061.2021077201013.hdf,0.0,2021-03-18
19,10:05:00,"(48.00787175, 14.591416)",16.285360736990263,MOD021KM.A2021078.1005.061.2021078192243.hdf,2021/03/19/MOD021KM.A2021078.1005.061.2021078192243.hdf,0.5699,2021-03-19
20,10:50:00,"(42.0168445, 1.5926389999999992)",10.143849615609517,MOD021KM.A2021079.1050.061.2021079192412.hdf,2021/03/20/MOD021KM.A2021079.1050.061.2021079192412.hdf,0.454076,2021-03-20
21,11:30:00,"(53.02924975, -4.898896500000001)",3.858714666244099,MOD021KM.A2021080.1130.061.2021080191214.hdf,2021/03/21/MOD021KM.A2021080.1130.061.2021080191214.hdf,0.0,2021-03-21
22,10:35:00,"(50.886905, 8.040685750000002)",9.338542012264448,MOD021KM.A2021081.1035.061.2021081193307.hdf,2021/03/22/MOD021KM.A2021081.1035.061.2021081193307.hdf,0.0,2021-03-22
23,11:20:00,"(44.938748, -5.119741750000001)",7.831715603509052,MOD021KM.A2021082.1120.061.2021082194136.hdf,2021/03/23/MOD021KM.A2021082.1120.061.2021082194136.hdf,0.017364,2021-03-23
24,10:25:00,"(42.778681, 8.030067999999998)",12.914452690593784,MOD021KM.A2021083.1025.061.2021083194648.hdf,2021/03/24/MOD021KM.A2021083.1025.061.2021083194648.hdf,0.218432,2021-03-24
25,11:05:00,"(53.8065385, 1.6488509999999996)",3.559377356165436,MOD021KM.A2021084.1105.061.2021085155046.hdf,2021/03/25/MOD021KM.A2021084.1105.061.2021085155046.hdf,0.0,2021-03-25
26,10:10:00,"(51.622877, 14.54597525)",15.80420273713899,MOD021KM.A2021085.1010.061.2021085224858.hdf,2021/03/26/MOD021KM.A2021085.1010.061.2021085224858.hdf,0.262092,2021-03-26
27,10:55:00,"(45.68868825, 1.336517499999999)",6.594976407463059,MOD021KM.A2021086.1055.061.2021086194044.hdf,2021/03/27/MOD021KM.A2021086.1055.061.2021086194044.hdf,0.0,2021-03-27
28,10:00:00,"(43.52587325, 14.470885)",17.7498604898543,MOD021KM.A2021087.1000.061.2021087193814.hdf,2021/03/28/MOD021KM.A2021087.1000.061.2021087193814.hdf,0.880248,2021-03-28
29,10:40:00,"(54.52693825, 8.176644250000003)",9.83397852950784,MOD021KM.A2021088.1040.061.2021088210602.hdf,2021/03/29/MOD021KM.A2021088.1040.061.2021088210602.hdf,0.0,2021-03-29
30,11:25:00,"(48.60625375, -5.262921749999999)",5.092889232651946,MOD021KM.A2021089.1125.061.2021089200154.hdf,2021/03/30/MOD021KM.A2021089.1125.061.2021089200154.hdf,0.0,2021-03-30
31,10:30:00,"(46.42184075, 7.794584500000001)",10.504972741483,MOD021KM.A2021090.1030.061.2021095162413.hdf,2021/03/31/MOD021KM.A2021090.1030.061.2021095162413.hdf,0.0,2021-03-31
1,11:10:00,"(57.3202145, 1.8961087499999998)",6.399337649287367,MOD021KM.A2021091.1110.061.2021091194531.hdf,2021/04/01/MOD021KM.A2021091.1110.061.2021091194531.hdf,2.0,2021-04-01
2,10:15:00,"(55.280194, 14.72812525)",16.370545556736147,MOD021KM.A2021092.1015.061.2021092194805.hdf,2021/04/02/MOD021KM.A2021092.1015.061.2021092194805.hdf,0.0096,2021-04-02
3,11:00:00,"(49.4511435, 1.2541594999999996)",3.4063732592498592,MOD021KM.A2021093.1100.061.2021093194200.hdf,2021/04/03/MOD021KM.A2021093.1100.061.2021093194200.hdf,0.0,2021-04-03
4,10:05:00,"(47.25325925, 14.29680625)",16.192014482978937,MOD021KM.A2021094.1005.061.2021094204150.hdf,2021/04/04/MOD021KM.A2021094.1005.061.2021094204150.hdf,0.56922,2021-04-04
5,10:45:00,"(58.11830500000001, 8.51384125)",11.662455048293932,MOD021KM.A2021095.1045.061.2021095193456.hdf,2021/04/05/MOD021KM.A2021095.1045.061.2021095193456.hdf,0.377308,2021-04-05
6,11:30:00,"(52.367769749999994, -5.208907000000001)",3.998900991755617,MOD021KM.A2021096.1130.061.2021096193247.hdf,2021/04/06/MOD021KM.A2021096.1130.061.2021096193247.hdf,0.0,2021-04-06
7,10:35:00,"(50.276605249999996, 7.7724145)",9.149850138195587,MOD021KM.A2021097.1035.061.2021097193339.hdf,2021/04/07/MOD021KM.A2021097.1035.061.2021097193339.hdf,0.0,2021-04-07
8,11:20:00,"(44.29309000000001, -5.357217499999999)",8.511250326532888,MOD021KM.A2021098.1120.061.2021098193909.hdf,2021/04/08/MOD021KM.A2021098.1120.061.2021098193909.hdf,0.131892,2021-04-08
9,10:25:00,"(42.10633525, 7.7943325)",13.227930331327302,MOD021KM.A2021099.1025.061.2021099193940.hdf,2021/04/09/MOD021KM.A2021099.1025.061.2021099193940.hdf,0.359564,2021-04-09
10,11:05:00,"(53.176447249999995, 1.3372342499999998)",2.960191502226773,MOD021KM.A2021100.1105.061.2021100194412.hdf,2021/04/10/MOD021KM.A2021100.1105.061.2021100194412.hdf,0.0,2021-04-10
11,10:10:00,"(51.08754825, 14.2956535)",15.56753998626759,MOD021KM.A2021101.1010.061.2021101200045.hdf,2021/04/11/MOD021KM.A2021101.1010.061.2021101200045.hdf,0.259304,2021-04-11
12,10:55:00,"(45.161450499999994, 1.1304367500000003)",7.009888718706661,MOD021KM.A2021102.1055.061.2021102193923.hdf,2021/04/12/MOD021KM.A2021102.1055.061.2021102193923.hdf,0.0,2021-04-12
13,10:00:00,"(42.92982525, 14.24965275)",17.84120950587348,MOD021KM.A2021103.1000.061.2021103192501.hdf,2021/04/13/MOD021KM.A2021103.1000.061.2021103192501.hdf,0.890784,2021-04-13
14,10:40:00,"(53.972092749999995, 7.8870865)",9.410416141127063,MOD021KM.A2021104.1040.061.2021104193417.hdf,2021/04/14/MOD021KM.A2021104.1040.061.2021104193417.hdf,0.0,2021-04-14
15,11:25:00,"(48.10119575, -5.487533750000001)",5.5874739573851375,MOD021KM.A2021105.1125.061.2021105193310.hdf,2021/04/15/MOD021KM.A2021105.1125.061.2021105193310.hdf,0.0,2021-04-15
16,10:30:00,"(45.97159225, 7.603425)",10.579822778377958,MOD021KM.A2021106.1030.061.2021107011241.hdf,2021/04/16/MOD021KM.A2021106.1030.061.2021107011241.hdf,0.0,2021-04-16
17,11:10:00,"(56.84324075, 1.6224717500000008)",5.849454819379205,MOD021KM.A2021107.1110.061.2021107193544.hdf,2021/04/17/MOD021KM.A2021107.1110.061.2021107193544.hdf,8e-06,2021-04-17
18,10:15:00,"(54.749144, 14.442776)",15.983986323295952,MOD021KM.A2021108.1015.061.2021108193739.hdf,2021/04/18/MOD021KM.A2021108.1015.061.2021108193739.hdf,0.009176,2021-04-18
19,11:00:00,"(48.89480425, 1.0070022500000002)",3.645880392302131,MOD021KM.A2021109.1100.061.2021110024544.hdf,2021/04/19/MOD021KM.A2021109.1100.061.2021110024544.hdf,0.0,2021-04-19
20,10:05:00,"(46.764829750000004, 14.091042499999999)",16.138641932758507,MOD021KM.A2021110.1005.061.2021110225951.hdf,2021/04/20/MOD021KM.A2021110.1005.061.2021110225951.hdf,0.565548,2021-04-20
21,10:45:00,"(57.64114825, 8.23157225)",11.168184944076549,MOD021KM.A2021111.1045.061.2021111194531.hdf,2021/04/21/MOD021KM.A2021111.1045.061.2021111194531.hdf,0.268512,2021-04-21
22,11:30:00,"(51.779855, -5.491637)",4.234028627795755,MOD021KM.A2021112.1130.061.2021112193244.hdf,2021/04/22/MOD021KM.A2021112.1130.061.2021112193244.hdf,0.0,2021-04-22
23,10:35:00,"(49.67117375, 7.5023107499999995)",9.003756228530658,MOD021KM.A2021113.1035.061.2021113193303.hdf,2021/04/23/MOD021KM.A2021113.1035.061.2021113193303.hdf,0.0,2021-04-23
24,11:20:00,"(43.706673, -5.578616)",9.132228732132424,MOD021KM.A2021114.1120.061.2021114192845.hdf,2021/04/24/MOD021KM.A2021114.1120.061.2021114192845.hdf,0.271216,2021-04-24
25,10:25:00,"(41.54511025, 7.5930782500000005)",13.50988060640538,MOD021KM.A2021115.1025.061.2021115193030.hdf,2021/04/25/MOD021KM.A2021115.1025.061.2021115193030.hdf,0.4773,2021-04-25
26,11:05:00,"(52.577755, 1.0476225000000001)",2.448751344875843,MOD021KM.A2021116.1105.061.2021116193607.hdf,2021/04/26/MOD021KM.A2021116.1105.061.2021116193607.hdf,0.0,2021-04-26
27,10:10:00,"(50.430158000000006, 13.998637)",15.313493557334754,MOD021KM.A2021117.1010.061.2021118014056.hdf,2021/04/27/MOD021KM.A2021117.1010.061.2021118014056.hdf,0.257056,2021-04-27
28,10:55:00,"(44.47711125, 0.8707735000000012)",7.579868453019409,MOD021KM.A2021118.1055.061.2021119043852.hdf,2021/04/28/MOD021KM.A2021118.1055.061.2021119043852.hdf,7.6e-05,2021-04-28
29,10:00:00,"(42.312765999999996, 14.026757750000002)",17.964236338299806,MOD021KM.A2021119.1000.061.2021120224827.hdf,2021/04/29/MOD021KM.A2021119.1000.061.2021120224827.hdf,0.904132,2021-04-29
30,10:40:00,"(53.361665, 7.58537175)",8.988378017633273,MOD021KM.A2021120.1040.061.2021121015938.hdf,2021/04/30/MOD021KM.A2021120.1040.061.2021121015938.hdf,0.0,2021-04-30
1,11:25:00,"(47.3775175, -5.7792840000000005)",6.291328874877091,MOD021KM.A2021121.1125.061.2021121215648.hdf,2021/05/01/MOD021KM.A2021121.1125.061.2021121215648.hdf,2.0,2021-05-01
2,10:30:00,"(45.229009250000004, 7.3222575)",10.777990491106948,MOD021KM.A2021122.1030.061.2021123145418.hdf,2021/05/02/MOD021KM.A2021122.1030.061.2021123145418.hdf,0.0,2021-05-02
3,11:10:00,"(56.16146825, 1.2522805000000004)",5.073796641385845,MOD021KM.A2021123.1110.061.2021124174524.hdf,2021/05/03/MOD021KM.A2021123.1110.061.2021124174524.hdf,0.0,2021-05-03
4,10:15:00,"(54.0845255, 14.109740000000002)",15.543451590999672,MOD021KM.A2021124.1015.061.2021125172812.hdf,2021/05/04/MOD021KM.A2021124.1015.061.2021125172812.hdf,0.009264,2021-05-04
5,11:00:00,"(48.11612325, 0.6891430000000001)",4.124293564701666,MOD021KM.A2021125.1100.061.2021125223157.hdf,2021/05/05/MOD021KM.A2021125.1100.061.2021125223157.hdf,0.0,2021-05-05
6,10:05:00,"(45.966812000000004, 13.784101500000002)",16.115960801663245,MOD021KM.A2021126.1005.061.2021126193501.hdf,2021/05/06/MOD021KM.A2021126.1005.061.2021126193501.hdf,0.56548,2021-05-06
7,10:45:00,"(56.867638500000005, 7.806517000000001)",10.408159639713991,MOD021KM.A2021127.1045.061.2021129020728.hdf,2021/05/07/MOD021KM.A2021127.1045.061.2021129020728.hdf,0.093092,2021-05-07
8,11:30:00,"(51.0522225, -5.816060500000001)",4.61176094322619,MOD021KM.A2021128.1130.061.2021133003016.hdf,2021/05/08/MOD021KM.A2021128.1130.061.2021133003016.hdf,0.0,2021-05-08
9,10:35:00,"(48.88186025, 7.178333500000001)",8.9109126018412,MOD021KM.A2021129.1035.061.2021129194408.hdf,2021/05/09/MOD021KM.A2021129.1035.061.2021129194408.hdf,0.0,2021-05-09
10,11:20:00,"(42.85078675, -5.8787080000000005)",10.029222913966947,MOD021KM.A2021130.1120.061.2021130210055.hdf,2021/05/10/MOD021KM.A2021130.1120.061.2021130210055.hdf,0.459868,2021-05-10
11,10:20:00,"(57.55823050000001, 14.36420025)",16.666015721823868,MOD021KM.A2021131.1020.061.2021131193321.hdf,2021/05/11/MOD021KM.A2021131.1020.061.2021131193321.hdf,0.324724,2021-05-11
12,11:05:00,"(51.762989, 0.6760334999999991)",1.933764723833601,MOD021KM.A2021132.1105.061.2021132193109.hdf,2021/05/12/MOD021KM.A2021132.1105.061.2021132193109.hdf,0.0,2021-05-12
13,10:10:00,"(49.63635049999999, 13.67006775)",15.07694341717811,MOD021KM.A2021133.1010.061.2021133201657.hdf,2021/05/13/MOD021KM.A2021133.1010.061.2021133201657.hdf,0.257372,2021-05-13
14,10:55:00,"(43.57191175, 0.5536077500000003)",8.378226515378907,MOD021KM.A2021134.1055.061.2021134193411.hdf,2021/05/14/MOD021KM.A2021134.1055.061.2021134193411.hdf,0.14948,2021-05-14
15,10:00:00,"(41.390561500000004, 13.736382)",18.22585808163792,MOD021KM.A2021135.1000.061.2021135193344.hdf,2021/05/15/MOD021KM.A2021135.1000.061.2021135193344.hdf,0.92808,2021-05-15
16,10:40:00,"(52.45833225, 7.16994775)",8.457195270624306,MOD021KM.A2021136.1040.061.2021136193817.hdf,2021/05/16/MOD021KM.A2021136.1040.061.2021136193817.hdf,0.0,2021-05-16
17,11:25:00,"(46.525104, -6.0981915)",7.12395955606068,MOD021KM.A2021137.1125.061.2021137194504.hdf,2021/05/17/MOD021KM.A2021137.1125.061.2021137194504.hdf,0.0,2021-05-17
18,10:30:00,"(44.31760525, 6.999697500000001)",11.111023299941095,MOD021KM.A2021138.1030.061.2021138192622.hdf,2021/05/18/MOD021KM.A2021138.1030.061.2021138192622.hdf,0.0,2021-05-18
19,11:10:00,"(55.23430300000001, 0.7824222500000007)",4.035905471979507,MOD021KM.A2021139.1110.061.2021139193220.hdf,2021/05/19/MOD021KM.A2021139.1110.061.2021139193220.hdf,0.0,2021-05-19
20,10:15:00,"(53.13535675, 13.66563575)",14.98731549694603,MOD021KM.A2021140.1015.061.2021140193812.hdf,2021/05/20/MOD021KM.A2021140.1015.061.2021140193812.hdf,0.0091,2021-05-20
21,11:00:00,"(47.214611999999995, 0.3478494999999997)",4.813073764185867,MOD021KM.A2021141.1100.061.2021141193339.hdf,2021/05/21/MOD021KM.A2021141.1100.061.2021141193339.hdf,0.0,2021-05-21
22,10:05:00,"(45.04811, 13.459535500000001)",16.172172454390918,MOD021KM.A2021142.1005.061.2021142193532.hdf,2021/05/22/MOD021KM.A2021142.1005.061.2021142193532.hdf,0.567308,2021-05-22
23,10:45:00,"(55.9322425, 7.325877249999999)",9.547367478290743,MOD021KM.A2021143.1045.061.2021143193344.hdf,2021/05/23/MOD021KM.A2021143.1045.061.2021143193344.hdf,0.0,2021-05-23
24,11:30:00,"(50.0372945, -6.239557250000001)",5.268692115801399,MOD021KM.A2021144.1130.061.2021144193931.hdf,2021/05/24/MOD021KM.A2021144.1130.061.2021144193931.hdf,0.0,2021-05-24
25,10:35:00,"(47.889478249999996, 6.793851500000001)",8.930092710961928,MOD021KM.A2021145.1035.061.2021145195114.hdf,2021/05/25/MOD021KM.A2021145.1035.061.2021145195114.hdf,0.0,2021-05-25
26,11:15:00,"(58.680663249999995, 1.1006002499999994)",7.319013219078821,MOD021KM.A2021146.1115.061.2021146192942.hdf,2021/05/26/MOD021KM.A2021146.1115.061.2021146192942.hdf,0.319096,2021-05-26
27,10:20:00,"(56.61847775, 13.865198000000001)",15.88661857066031,MOD021KM.A2021147.1020.061.2021147193016.hdf,2021/05/27/MOD021KM.A2021147.1020.061.2021147193016.hdf,0.11616,2021-05-27
28,11:05:00,"(50.69713675, 0.22397650000000002)",1.818818772404997,MOD021KM.A2021148.1105.061.2021148192909.hdf,2021/05/28/MOD021KM.A2021148.1105.061.2021148192909.hdf,0.0,2021-05-28
29,10:10:00,"(48.548946, 13.253747)",14.860741871142404,MOD021KM.A2021149.1010.061.2021149193137.hdf,2021/05/29/MOD021KM.A2021149.1010.061.2021149193137.hdf,0.26058,2021-05-29
30,10:55:00,"(42.5379105, 0.21042074999999993)",9.33031745711746,MOD021KM.A2021150.1055.061.2021150193444.hdf,2021/05/30/MOD021KM.A2021150.1055.061.2021150193444.hdf,0.371788,2021-05-30
31,09:55:00,"(57.244693749999996, 20.38685725)",22.33061896096516,MOD021KM.A2021151.0955.061.2021151193759.hdf,2021/05/31/MOD021KM.A2021151.0955.061.2021151193759.hdf,0.9139,2021-05-31
1,10:40:00,"(51.380763, 6.70899675)",7.975341623819606,MOD021KM.A2021152.1040.061.2021152194055.hdf,2021/06/01/MOD021KM.A2021152.1040.061.2021152194055.hdf,2.0,2021-06-01
2,11:25:00,"(45.37231, -6.5070955)",8.261755116893765,MOD021KM.A2021153.1125.061.2021153193617.hdf,2021/06/02/MOD021KM.A2021153.1125.061.2021153193617.hdf,0.002604,2021-06-02
3,10:30:00,"(43.1894275, 6.6224965)",11.636801308622935,MOD021KM.A2021154.1030.061.2021159022522.hdf,2021/06/03/MOD021KM.A2021154.1030.061.2021159022522.hdf,0.144108,2021-06-03
4,11:10:00,"(54.20391525, 0.2892355000000002)",2.899120182804226,MOD021KM.A2021155.1110.061.2021155193319.hdf,2021/06/04/MOD021KM.A2021155.1110.061.2021155193319.hdf,0.0,2021-06-04
5,10:15:00,"(52.11722475, 13.217044499999998)",14.479351417045336,MOD021KM.A2021156.1015.061.2021156193148.hdf,2021/06/05/MOD021KM.A2021156.1015.061.2021156193148.hdf,0.009804,2021-06-05
6,11:00:00,"(46.117399500000005, -0.05252774999999987)",5.76204503165068,MOD021KM.A2021157.1100.061.2021158130725.hdf,2021/06/06/MOD021KM.A2021157.1100.061.2021158130725.hdf,0.0,2021-06-06
7,10:05:00,"(43.968928250000005, 13.085725499999999)",16.31900918988951,MOD021KM.A2021158.1005.061.2021158194014.hdf,2021/06/07/MOD021KM.A2021158.1005.061.2021158194014.hdf,0.569616,2021-06-07
8,10:45:00,"(54.96464825, 6.83833925)",8.710164195683605,MOD021KM.A2021159.1045.061.2021159193458.hdf,2021/06/08/MOD021KM.A2021159.1045.061.2021159193458.hdf,0.0,2021-06-08
9,11:30:00,"(49.108353, -6.61363)",5.97284317770934,MOD021KM.A2021160.1130.061.2021160195031.hdf,2021/06/09/MOD021KM.A2021160.1130.061.2021160195031.hdf,0.0,2021-06-09
10,10:35:00,"(46.89469025, 6.416042749999999)",9.081838239069372,MOD021KM.A2021161.1035.061.2021161205337.hdf,2021/06/10/MOD021KM.A2021161.1035.061.2021161205337.hdf,0.0,2021-06-10
11,11:15:00,"(57.759422, 0.5849780000000004)",6.283675779173204,MOD021KM.A2021162.1115.061.2021162193103.hdf,2021/06/11/MOD021KM.A2021162.1115.061.2021162193103.hdf,0.10352,2021-06-11
12,10:20:00,"(55.70920875, 13.39016025)",15.172979634686346,MOD021KM.A2021163.1020.061.2021163193101.hdf,2021/06/12/MOD021KM.A2021163.1020.061.2021163193101.hdf,0.000224,2021-06-12
13,11:05:00,"(49.8704835, -0.12449099999999902)",2.196421402521216,MOD021KM.A2021164.1105.061.2021164193951.hdf,2021/06/13/MOD021KM.A2021164.1105.061.2021164193951.hdf,0.0,2021-06-13
14,10:10:00,"(47.69799175, 12.919472)",14.745412466548776,MOD021KM.A2021165.1010.061.2021165192934.hdf,2021/06/14/MOD021KM.A2021165.1010.061.2021165192934.hdf,0.260176,2021-06-14
15,10:50:00,"(58.483182750000005, 7.168215249999999)",10.784473515850468,MOD021KM.A2021166.1050.061.2021166193443.hdf,2021/06/15/MOD021KM.A2021166.1050.061.2021166193443.hdf,0.431736,2021-06-15
16,09:55:00,"(56.436039, 19.94617625)",21.715077466563063,MOD021KM.A2021167.0955.061.2021167193013.hdf,2021/06/16/MOD021KM.A2021167.0955.061.2021167193013.hdf,0.887436,2021-06-16
17,10:40:00,"(50.6174015, 6.369481499999999)",7.711109608230484,MOD021KM.A2021168.1040.061.2021168193458.hdf,2021/06/17/MOD021KM.A2021168.1040.061.2021168193458.hdf,0.0,2021-06-17
18,11:25:00,"(44.66328675, -6.777025250000001)",8.98403065199653,MOD021KM.A2021169.1125.061.2021169193128.hdf,2021/06/18/MOD021KM.A2021169.1125.061.2021169193128.hdf,0.106964,2021-06-18
19,10:30:00,"(42.414782, 6.349886)",12.044044367525387,MOD021KM.A2021170.1030.061.2021170193256.hdf,2021/06/19/MOD021KM.A2021170.1030.061.2021170193256.hdf,0.307408,2021-06-19
20,11:10:00,"(53.45400225, -0.08022300000000104)",2.069604731472669,MOD021KM.A2021171.1110.061.2021171193703.hdf,2021/06/20/MOD021KM.A2021171.1110.061.2021171193703.hdf,0.0,2021-06-20
21,10:15:00,"(51.34879525, 12.8665165)",14.129970481543646,MOD021KM.A2021172.1015.061.2021172193614.hdf,2021/06/21/MOD021KM.A2021172.1015.061.2021172193614.hdf,0.009396,2021-06-21
22,11:00:00,"(45.4068535, -0.32463700000000006)",6.413383714423403,MOD021KM.A2021173.1100.061.2021173214203.hdf,2021/06/22/MOD021KM.A2021173.1100.061.2021173214203.hdf,0.0,2021-06-22
23,10:05:00,"(43.1994795, 12.80107525)",16.45584298761181,MOD021KM.A2021174.1005.061.2021174203108.hdf,2021/06/23/MOD021KM.A2021174.1005.061.2021174203108.hdf,0.612568,2021-06-23
24,10:45:00,"(54.172064, 6.44373075)",8.072716108048242,MOD021KM.A2021175.1045.061.2021175194508.hdf,2021/06/24/MOD021KM.A2021175.1045.061.2021175194508.hdf,0.0,2021-06-24
25,11:30:00,"(48.2850335, -6.9508987499999995)",6.665760925740124,MOD021KM.A2021176.1130.061.2021176200644.hdf,2021/06/25/MOD021KM.A2021176.1130.061.2021176200644.hdf,0.0,2021-06-25
26,10:35:00,"(46.13877875, 6.12512725)",9.274394374016785,MOD021KM.A2021177.1035.061.2021177194043.hdf,2021/06/26/MOD021KM.A2021177.1035.061.2021177194043.hdf,0.0,2021-06-26
27,11:15:00,"(57.02636174999999, 0.1779907500000002)",5.466269276160709,MOD021KM.A2021178.1115.061.2021178194245.hdf,2021/06/27/MOD021KM.A2021178.1115.061.2021178194245.hdf,0.00042,2021-06-27
28,10:20:00,"(54.87339825, 12.96568525)",14.561861660001464,MOD021KM.A2021179.1020.061.2021182140119.hdf,2021/06/28/MOD021KM.A2021179.1020.061.2021182140119.hdf,0.000232,2021-06-28
29,11:05:00,"(49.001469, -0.48342350000000023)",2.85743326788453,MOD021KM.A2021180.1105.061.2021180193802.hdf,2021/06/29/MOD021KM.A2021180.1105.061.2021180193802.hdf,0.0,2021-06-29
30,10:10:00,"(46.8549715, 12.584843750000001)",14.68321850278325,MOD021KM.A2021181.1010.061.2021181193436.hdf,2021/06/30/MOD021KM.A2021181.1010.061.2021181193436.hdf,0.259244,2021-06-30
1,10:55:00,"(40.83189, -0.3502757500000002)",10.957747085126034,MOD021KM.A2021182.1055.061.2021182210333.hdf,2021/07/01/MOD021KM.A2021182.1055.061.2021182210333.hdf,0.737992,2021-07-01
2,09:55:00,"(55.596361, 19.51672425)",21.127134552922907,MOD021KM.A2021183.0955.061.2021183194236.hdf,2021/07/02/MOD021KM.A2021183.0955.061.2021183194236.hdf,0.872756,2021-07-02
3,10:40:00,"(49.704058, 5.9861675000000005)",7.527794019028433,MOD021KM.A2021184.1040.061.2021184192823.hdf,2021/07/03/MOD021KM.A2021184.1040.061.2021184192823.hdf,0.0,2021-07-03
4,11:25:00,"(43.721857, -7.108747999999999)",9.935691183745249,MOD021KM.A2021185.1125.061.2021185193204.hdf,2021/07/04/MOD021KM.A2021185.1125.061.2021185193204.hdf,0.315828,2021-07-04
5,10:30:00,"(41.54344925, 6.05722575)",12.558767739843692,MOD021KM.A2021186.1030.061.2021186193600.hdf,2021/07/05/MOD021KM.A2021186.1030.061.2021186193600.hdf,0.491208,2021-07-05
6,11:10:00,"(52.597353749999996, -0.4724554999999997)",1.1537902267827125,MOD021KM.A2021187.1110.061.2021187194035.hdf,2021/07/06/MOD021KM.A2021187.1110.061.2021187194035.hdf,0.0,2021-07-06
7,10:15:00,"(50.3908715, 12.45706425)",13.782141677786884,MOD021KM.A2021188.1015.061.2021188202857.hdf,2021/07/07/MOD021KM.A2021188.1015.061.2021188202857.hdf,0.009744,2021-07-07
8,11:00:00,"(44.419173, -0.67711275)",7.355775510902409,MOD021KM.A2021189.1100.061.2021189200508.hdf,2021/07/08/MOD021KM.A2021189.1100.061.2021189200508.hdf,0.011892,2021-07-08
9,10:05:00,"(42.237874500000004, 12.47832875)",16.709191178826604,MOD021KM.A2021190.1005.061.2021190200543.hdf,2021/07/09/MOD021KM.A2021190.1005.061.2021190200543.hdf,0.700272,2021-07-09
10,10:45:00,"(53.27094425, 6.0218264999999995)",7.436309413869913,MOD021KM.A2021191.1045.061.2021191192740.hdf,2021/07/10/MOD021KM.A2021191.1045.061.2021191192740.hdf,0.0,2021-07-10
11,11:30:00,"(47.351705, -7.3105217499999995)",7.483264476436608,MOD021KM.A2021192.1130.061.2021192193810.hdf,2021/07/11/MOD021KM.A2021192.1130.061.2021192193810.hdf,0.0,2021-07-11
12,10:35:00,"(45.10350975, 5.752822249999999)",9.661772343731254,MOD021KM.A2021193.1035.061.2021193194312.hdf,2021/07/12/MOD021KM.A2021193.1035.061.2021193194312.hdf,0.0,2021-07-12
13,11:15:00,"(56.0239675, -0.34405850000000004)",4.368574952038531,MOD021KM.A2021194.1115.061.2021194192824.hdf,2021/07/13/MOD021KM.A2021194.1115.061.2021194192824.hdf,0.0,2021-07-13
14,10:20:00,"(53.92932075, 12.515574999999998)",13.94431173898538,MOD021KM.A2021195.1020.061.2021195192445.hdf,2021/07/14/MOD021KM.A2021195.1020.061.2021195192445.hdf,0.000292,2021-07-14
15,11:05:00,"(48.02302675, -0.8666542499999998)",3.749421059018132,MOD021KM.A2021196.1105.061.2021196194015.hdf,2021/07/15/MOD021KM.A2021196.1105.061.2021196194015.hdf,0.0,2021-07-15
16,10:10:00,"(45.774181999999996, 12.191424999999999)",14.71778758192783,MOD021KM.A2021197.1010.061.2021197192427.hdf,2021/07/16/MOD021KM.A2021197.1010.061.2021197192427.hdf,0.261368,2021-07-16
17,10:50:00,"(56.66541975, 6.1783470000000005)",8.912714997457229,MOD021KM.A2021198.1050.061.2021198192834.hdf,2021/07/17/MOD021KM.A2021198.1050.061.2021198192834.hdf,0.023736,2021-07-17
18,09:55:00,"(54.573383500000006, 19.01594675)",20.46902433917792,MOD021KM.A2021199.0955.061.2021199194123.hdf,2021/07/18/MOD021KM.A2021199.0955.061.2021199194123.hdf,0.875472,2021-07-18
19,10:40:00,"(48.68302224999999, 5.57989025)",7.494749152365954,MOD021KM.A2021200.1040.061.2021200193917.hdf,2021/07/19/MOD021KM.A2021200.1040.061.2021200193917.hdf,0.0,2021-07-19
20,11:20:00,"(59.4275835, 0.006373749999999845)",7.778975800895078,MOD021KM.A2021201.1120.061.2021202043909.hdf,2021/07/20/MOD021KM.A2021201.1120.061.2021202043909.hdf,0.44614,2021-07-20
21,10:25:00,"(57.29449325, 12.701160250000001)",15.018955053708815,MOD021KM.A2021202.1025.061.2021213052214.hdf,2021/07/21/MOD021KM.A2021202.1025.061.2021213052214.hdf,0.253516,2021-07-21
22,11:10:00,"(51.498889500000004, -0.9524897500000002)",0.3965075307170237,MOD021KM.A2021203.1110.061.2021203194415.hdf,2021/07/22/MOD021KM.A2021203.1110.061.2021203194415.hdf,0.0,2021-07-22
23,10:15:00,"(49.38568725, 12.06596225)",13.53216212520703,MOD021KM.A2021204.1015.061.2021204195250.hdf,2021/07/23/MOD021KM.A2021204.1015.061.2021204195250.hdf,0.009912,2021-07-23
24,11:00:00,"(43.41571075, -1.0163592499999998)",8.339782000584675,MOD021KM.A2021205.1100.061.2021205193716.hdf,2021/07/24/MOD021KM.A2021205.1100.061.2021205193716.hdf,0.21424,2021-07-24
25,10:00:00,"(58.01952075, 19.28114975)",21.47384840695201,MOD021KM.A2021206.1000.061.2021206194000.hdf,2021/07/25/MOD021KM.A2021206.1000.061.2021206194000.hdf,0.767352,2021-07-25
26,10:45:00,"(52.251016750000005, 5.5583290000000005)",6.834271654362414,MOD021KM.A2021207.1045.061.2021207193400.hdf,2021/07/26/MOD021KM.A2021207.1045.061.2021207193400.hdf,0.0,2021-07-26
27,11:30:00,"(46.329375, -7.693379)",8.41562986838573,MOD021KM.A2021208.1130.061.2021208194215.hdf,2021/07/27/MOD021KM.A2021208.1130.061.2021208194215.hdf,0.0,2021-07-27
28,10:35:00,"(44.1769215, 5.4286502500000005)",10.103914783233147,MOD021KM.A2021209.1035.061.2021212051756.hdf,2021/07/28/MOD021KM.A2021209.1035.061.2021212051756.hdf,0.0,2021-07-28
29,11:15:00,"(55.15309675, -0.7833915000000005)",3.4340104333028485,MOD021KM.A2021210.1115.061.2021210195215.hdf,2021/07/29/MOD021KM.A2021210.1115.061.2021210195215.hdf,0.0,2021-07-29
30,10:20:00,"(52.98482575, 12.0712195)",13.385811681304324,MOD021KM.A2021211.1020.061.2021211193022.hdf,2021/07/30/MOD021KM.A2021211.1020.061.2021211193022.hdf,0.000304,2021-07-30
31,11:05:00,"(47.07613825, -1.2339895000000007)",4.675921865570825,MOD021KM.A2021212.1105.061.2021212193143.hdf,2021/07/31/MOD021KM.A2021212.1105.061.2021212193143.hdf,0.0,2021-07-31
1,10:10:00,"(44.923612750000004, 11.87940625)",14.805756754038333,MOD021KM.A2021213.1010.061.2021213193731.hdf,2021/08/01/MOD021KM.A2021213.1010.061.2021213193731.hdf,2.0,2021-08-01
2,10:50:00,"(55.86946375000001, 5.76052125)",8.13688744216827,MOD021KM.A2021214.1050.061.2021214194127.hdf,2021/08/02/MOD021KM.A2021214.1050.061.2021214194127.hdf,0.0,2021-08-02
3,09:55:00,"(53.703666999999996, 18.588468499999998)",19.94190081735643,MOD021KM.A2021215.0955.061.2021215193241.hdf,2021/08/03/MOD021KM.A2021215.0955.061.2021215193241.hdf,0.874508,2021-08-03
4,10:40:00,"(47.811755500000004, 5.22852125)",7.589241913638792,MOD021KM.A2021216.1040.061.2021216193429.hdf,2021/08/04/MOD021KM.A2021216.1040.061.2021216193429.hdf,0.0,2021-08-04
5,11:20:00,"(58.620799250000005, -0.47182999999999975)",6.9136093897255,MOD021KM.A2021217.1120.061.2021217193440.hdf,2021/08/05/MOD021KM.A2021217.1120.061.2021217193440.hdf,0.254316,2021-08-05
6,10:25:00,"(56.57250450000001, 12.305055249999999)",14.39394294854342,MOD021KM.A2021218.1025.061.2021218193705.hdf,2021/08/06/MOD021KM.A2021218.1025.061.2021218193705.hdf,0.092484,2021-08-06
7,11:10:00,"(50.74848525, -1.2906467499999996)",1.0040554475740502,MOD021KM.A2021219.1110.061.2021219194358.hdf,2021/08/07/MOD021KM.A2021219.1110.061.2021219194358.hdf,0.0,2021-08-07
8,10:15:00,"(48.53429475, 11.705554)",13.356630613459128,MOD021KM.A2021220.1015.061.2021220193405.hdf,2021/08/08/MOD021KM.A2021220.1015.061.2021220193405.hdf,0.009736,2021-08-08
9,11:00:00,"(42.537763, -1.3230285000000004)",9.214468585061285,MOD021KM.A2021221.1100.061.2021221194951.hdf,2021/08/09/MOD021KM.A2021221.1100.061.2021221194951.hdf,0.404256,2021-08-09
10,10:00:00,"(57.261095999999995, 18.8560815)",20.85460009127382,MOD021KM.A2021222.1000.061.2021222194713.hdf,2021/08/10/MOD021KM.A2021222.1000.061.2021222194713.hdf,0.694288,2021-08-10
11,10:45:00,"(51.4579595, 5.196574750000001)",6.460969150532127,MOD021KM.A2021223.1045.061.2021223193644.hdf,2021/08/11/MOD021KM.A2021223.1045.061.2021223193644.hdf,0.0,2021-08-11
12,11:30:00,"(45.46540775, -8.016888)",9.230810611051671,MOD021KM.A2021224.1130.061.2021224192627.hdf,2021/08/12/MOD021KM.A2021224.1130.061.2021224192627.hdf,0.008584,2021-08-12
13,10:35:00,"(43.25754475, 5.100111249999999)",10.610256070655373,MOD021KM.A2021225.1035.061.2021225192443.hdf,2021/08/13/MOD021KM.A2021225.1035.061.2021225192443.hdf,0.145556,2021-08-13
14,11:15:00,"(54.256986, -1.2313002500000003)",2.505125108052697,MOD021KM.A2021226.1115.061.2021226193933.hdf,2021/08/14/MOD021KM.A2021226.1115.061.2021226193933.hdf,0.0,2021-08-14
15,10:20:00,"(52.15205775, 11.68376875)",12.94765073712454,MOD021KM.A2021227.1020.061.2021227193011.hdf,2021/08/15/MOD021KM.A2021227.1020.061.2021227193011.hdf,0.000264,2021-08-15
16,11:05:00,"(46.214569999999995, -1.5610777499999995)",5.545734312432858,MOD021KM.A2021228.1105.061.2021228200248.hdf,2021/08/16/MOD021KM.A2021228.1105.061.2021228200248.hdf,0.0,2021-08-16
17,10:10:00,"(43.9625135, 11.536989)",14.979324635657086,MOD021KM.A2021229.1010.061.2021229193426.hdf,2021/08/17/MOD021KM.A2021229.1010.061.2021229193426.hdf,0.261784,2021-08-17
18,10:50:00,"(54.93734975, 5.2850265)",7.276930883526881,MOD021KM.A2021230.1050.061.2021230194149.hdf,2021/08/18/MOD021KM.A2021230.1050.061.2021230194149.hdf,0.0,2021-08-18
19,09:55:00,"(52.83409025, 18.17944775)",19.467245104648864,MOD021KM.A2021231.0955.061.2021231200844.hdf,2021/08/19/MOD021KM.A2021231.0955.061.2021231200844.hdf,0.874596,2021-08-19
20,10:40:00,"(46.91166425, 4.8821365000000005)",7.818340131988396,MOD021KM.A2021232.1040.061.2021232193557.hdf,2021/08/20/MOD021KM.A2021232.1040.061.2021232193557.hdf,0.0,2021-08-20
21,11:20:00,"(57.75626925, -0.9579184999999999)",6.011748345883901,MOD021KM.A2021233.1120.061.2021233195245.hdf,2021/08/21/MOD021KM.A2021233.1120.061.2021233195245.hdf,0.054892,2021-08-21
22,10:25:00,"(55.605856, 11.800868249999999)",13.615374060548024,MOD021KM.A2021234.1025.061.2021234194410.hdf,2021/08/22/MOD021KM.A2021234.1025.061.2021234194410.hdf,0.0,2021-08-22
23,11:10:00,"(49.744024749999994, -1.7145517499999992)",2.059290685185231,MOD021KM.A2021235.1110.061.2021235194433.hdf,2021/08/23/MOD021KM.A2021235.1110.061.2021235194433.hdf,0.0,2021-08-23
24,10:15:00,"(47.595718, 11.337629)",13.26337033644786,MOD021KM.A2021236.1015.061.2021236194205.hdf,2021/08/24/MOD021KM.A2021236.1015.061.2021236194205.hdf,0.00996,2021-08-24
25,10:55:00,"(58.405718, 5.586223499999999)",9.54522142736229,MOD021KM.A2021237.1055.061.2021237203043.hdf,2021/08/25/MOD021KM.A2021237.1055.061.2021237203043.hdf,0.381028,2021-08-25
26,10:00:00,"(56.25906125, 18.31928)",20.089095226805306,MOD021KM.A2021238.1000.061.2021238193900.hdf,2021/08/26/MOD021KM.A2021238.1000.061.2021238193900.hdf,0.59544,2021-08-26
27,10:45:00,"(50.415777, 4.74594525)",6.150548609154843,MOD021KM.A2021239.1045.061.2021243093253.hdf,2021/08/27/MOD021KM.A2021239.1045.061.2021243093253.hdf,0.0,2021-08-27
28,11:30:00,"(44.43692575, -8.39081275)",10.217221187153855,MOD021KM.A2021240.1130.061.2021240201326.hdf,2021/08/28/MOD021KM.A2021240.1130.061.2021240201326.hdf,0.208348,2021-08-28
29,10:35:00,"(42.255595, 4.753048250000001)",11.238807874899504,MOD021KM.A2021241.1035.061.2021241193432.hdf,2021/08/29/MOD021KM.A2021241.1035.061.2021241193432.hdf,0.358188,2021-08-29
30,11:15:00,"(53.23462225, -1.7142842500000008)",1.551334236566421,MOD021KM.A2021242.1115.061.2021242194121.hdf,2021/08/30/MOD021KM.A2021242.1115.061.2021242194121.hdf,0.0,2021-08-30
31,10:20:00,"(51.06970275, 11.20860375)",12.484961302487951,MOD021KM.A2021243.1020.061.2021243195402.hdf,2021/08/31/MOD021KM.A2021243.1020.061.2021243195402.hdf,0.000304,2021-08-31
1,11:05:00,"(45.09951875, -1.9674982500000002)",6.69024067857836,MOD021KM.A2021244.1105.061.2021244193430.hdf,2021/09/01/MOD021KM.A2021244.1105.061.2021244193430.hdf,2.0,2021-09-01
2,10:10:00,"(42.91581325, 11.1695645)",15.24844579732098,MOD021KM.A2021245.1010.061.2021250223141.hdf,2021/09/02/MOD021KM.A2021245.1010.061.2021250223141.hdf,0.390548,2021-09-02
3,10:50:00,"(53.941239249999995, 4.798254249999999)",6.439514762141134,MOD021KM.A2021246.1050.061.2021246194516.hdf,2021/09/03/MOD021KM.A2021246.1050.061.2021246194516.hdf,0.0,2021-09-03
4,09:55:00,"(51.763428000000005, 17.694403750000003)",18.952107195505945,MOD021KM.A2021247.0955.061.2021247193615.hdf,2021/09/04/MOD021KM.A2021247.0955.061.2021247193615.hdf,0.87508,2021-09-04
5,10:40:00,"(45.838997, 4.4807375)",8.239737217861702,MOD021KM.A2021248.1040.061.2021248193318.hdf,2021/09/05/MOD021KM.A2021248.1040.061.2021248193318.hdf,0.0,2021-09-05
6,11:20:00,"(56.75198225, -1.5061704999999996)",5.006152223982533,MOD021KM.A2021249.1120.061.2021249193219.hdf,2021/09/06/MOD021KM.A2021249.1120.061.2021249193219.hdf,0.0,2021-09-06
7,10:25:00,"(54.6877595, 11.334349)",12.929747942641466,MOD021KM.A2021250.1025.061.2021250193340.hdf,2021/09/07/MOD021KM.A2021250.1025.061.2021250193340.hdf,0.0,2021-09-07
8,11:10:00,"(48.778328249999994, -2.11226275)",3.0940266919397565,MOD021KM.A2021251.1110.061.2021251205230.hdf,2021/09/08/MOD021KM.A2021251.1110.061.2021251205230.hdf,0.0,2021-09-08
9,10:15:00,"(46.6012755, 10.94350575)",13.243843272582671,MOD021KM.A2021252.1015.061.2021252193543.hdf,2021/09/09/MOD021KM.A2021252.1015.061.2021252193543.hdf,0.009652,2021-09-09
10,10:55:00,"(57.47729375, 5.060975250000001)",8.526701908636868,MOD021KM.A2021253.1055.061.2021253192847.hdf,2021/09/10/MOD021KM.A2021253.1055.061.2021253192847.hdf,0.167648,2021-09-10
11,10:00:00,"(55.41730475, 17.872058250000002)",19.47773368782456,MOD021KM.A2021254.1000.061.2021254194907.hdf,2021/09/11/MOD021KM.A2021254.1000.061.2021254194907.hdf,0.568024,2021-09-11
12,10:45:00,"(49.569008000000004, 4.381252)",6.046753982953828,MOD021KM.A2021255.1045.061.2021255192748.hdf,2021/09/12/MOD021KM.A2021255.1045.061.2021255192748.hdf,0.0,2021-09-12
13,11:30:00,"(43.509474, -8.726727)",11.12320094160872,MOD021KM.A2021256.1130.061.2021256201856.hdf,2021/09/13/MOD021KM.A2021256.1130.061.2021256201856.hdf,0.415612,2021-09-13
14,10:30:00,"(58.185235500000005, 11.6298955)",14.40404931851042,MOD021KM.A2021257.1030.061.2021257205057.hdf,2021/09/14/MOD021KM.A2021257.1030.061.2021257205057.hdf,0.436408,2021-09-14
15,11:15:00,"(52.41328024999999, -2.1136767500000007)",1.0816597272620505,MOD021KM.A2021258.1115.061.2021258193835.hdf,2021/09/15/MOD021KM.A2021258.1115.061.2021258193835.hdf,0.0,2021-09-15
16,10:20:00,"(50.298916750000004, 10.861331999999999)",12.205834160288044,MOD021KM.A2021259.1020.061.2021259193134.hdf,2021/09/16/MOD021KM.A2021259.1020.061.2021259193134.hdf,0.000208,2021-09-16
17,11:05:00,"(44.291106750000004, -2.2748795)",7.52991249770645,MOD021KM.A2021260.1105.061.2021260193618.hdf,2021/09/17/MOD021KM.A2021260.1105.061.2021260193618.hdf,0.050692,2021-09-17
18,10:10:00,"(42.080445000000005, 10.867708749999998)",15.510142277638897,MOD021KM.A2021261.1010.061.2021261193501.hdf,2021/09/18/MOD021KM.A2021261.1010.061.2021261193501.hdf,0.513808,2021-09-18
19,10:50:00,"(53.12961775000001, 4.393216999999999)",5.8164158728553845,MOD021KM.A2021262.1050.061.2021262192335.hdf,2021/09/19/MOD021KM.A2021262.1050.061.2021262192335.hdf,0.0,2021-09-19
20,09:55:00,"(51.01521425, 17.347796499999998)",18.62007930307804,MOD021KM.A2021263.0955.061.2021264002424.hdf,2021/09/20/MOD021KM.A2021263.0955.061.2021264002424.hdf,0.871168,2021-09-20
21,10:40:00,"(45.02110075, 4.163063750000001)",8.642319384688617,MOD021KM.A2021264.1040.061.2021264192709.hdf,2021/09/21/MOD021KM.A2021264.1040.061.2021264192709.hdf,0.0,2021-09-21
23,10:25:00,"(53.830839, 10.898812750000001)",12.332979114100272,MOD021KM.A2021266.1025.061.2021266192950.hdf,2021/09/23/MOD021KM.A2021266.1025.061.2021266192950.hdf,0.0,2021-09-23
24,11:10:00,"(47.931585, -2.469453749999999)",4.007981776762975,MOD021KM.A2021267.1110.061.2021267192646.hdf,2021/09/24/MOD021KM.A2021267.1110.061.2021267192646.hdf,0.0,2021-09-24
25,10:15:00,"(45.77683225, 10.61812025)",13.294274566554964,MOD021KM.A2021268.1015.061.2021271173424.hdf,2021/09/25/MOD021KM.A2021268.1015.061.2021271173424.hdf,0.008944,2021-09-25
26,10:55:00,"(56.63546000000001, 4.58847475)",7.617476011064139,MOD021KM.A2021269.1055.061.2021270220023.hdf,2021/09/26/MOD021KM.A2021269.1055.061.2021270220023.hdf,0.002512,2021-09-26
27,10:00:00,"(54.51369525, 17.405448500000002)",18.866374124004984,MOD021KM.A2021270.1000.061.2021271201918.hdf,2021/09/27/MOD021KM.A2021270.1000.061.2021271201918.hdf,0.565108,2021-09-27
28,10:45:00,"(48.629441500000006, 3.98368925)",6.101027196787259,MOD021KM.A2021271.1045.061.2021271235457.hdf,2021/09/28/MOD021KM.A2021271.1045.061.2021271235457.hdf,0.0,2021-09-28
29,11:25:00,"(59.386191749999995, -1.6010185000000003)",7.641907567368909,MOD021KM.A2021272.1125.061.2021272194003.hdf,2021/09/29/MOD021KM.A2021272.1125.061.2021272194003.hdf,0.380136,2021-09-29
30,10:30:00,"(57.3398875, 11.1420505)",13.600672747144037,MOD021KM.A2021273.1030.061.2021274203905.hdf,2021/09/30/MOD021KM.A2021273.1030.061.2021274203905.hdf,0.246148,2021-09-30
1,11:15:00,"(51.44449575, -2.5597305)",1.3378498744994944,MOD021KM.A2021274.1115.061.2021274230555.hdf,2021/10/01/MOD021KM.A2021274.1115.061.2021274230555.hdf,2.0,2021-10-01
2,10:20:00,"(49.308282750000004, 10.452843)",11.9627994780819,MOD021KM.A2021275.1020.061.2021276015521.hdf,2021/10/02/MOD021KM.A2021275.1020.061.2021276015521.hdf,0.000228,2021-10-02
3,11:05:00,"(43.31236425, -2.62990175)",8.55046134634741,MOD021KM.A2021276.1105.061.2021276194328.hdf,2021/10/03/MOD021KM.A2021276.1105.061.2021276194328.hdf,0.273472,2021-10-03
4,10:05:00,"(57.98274175, 17.678435)",19.93487776469718,MOD021KM.A2021277.1005.061.2021277202305.hdf,2021/10/04/MOD021KM.A2021277.1005.061.2021277202305.hdf,0.584012,2021-10-04
5,10:50:00,"(52.14540925000001, 3.9354609999999997)",5.208041091418785,MOD021KM.A2021278.1050.061.2021278192925.hdf,2021/10/05/MOD021KM.A2021278.1050.061.2021278192925.hdf,0.0,2021-10-05
6,09:55:00,"(49.96798825, 16.89454725)",18.23970334597772,MOD021KM.A2021279.0955.061.2021279193403.hdf,2021/10/06/MOD021KM.A2021279.0955.061.2021279193403.hdf,0.869496,2021-10-06
7,10:40:00,"(43.98178, 3.7832012500000007)",9.26212741548353,MOD021KM.A2021280.1040.061.2021281045353.hdf,2021/10/07/MOD021KM.A2021280.1040.061.2021281045353.hdf,0.01484,2021-10-07
8,11:20:00,"(54.941611, -2.4681387499999996)",3.411565666790331,MOD021KM.A2021281.1120.061.2021281193242.hdf,2021/10/08/MOD021KM.A2021281.1120.061.2021281193242.hdf,0.0,2021-10-08
9,10:25:00,"(52.83032125, 10.42299375)",11.73036159713291,MOD021KM.A2021282.1025.061.2021282193559.hdf,2021/10/09/MOD021KM.A2021282.1025.061.2021282193559.hdf,0.0,2021-10-09
10,11:10:00,"(46.8081435, -2.9077777499999997)",5.211954880238061,MOD021KM.A2021283.1110.061.2021283193458.hdf,2021/10/10/MOD021KM.A2021283.1110.061.2021283193458.hdf,0.0,2021-10-10
11,10:15:00,"(44.63073725, 10.1998415)",13.490279477414832,MOD021KM.A2021284.1015.061.2021284192413.hdf,2021/10/11/MOD021KM.A2021284.1015.061.2021284192413.hdf,0.009196,2021-10-11
12,10:55:00,"(55.56263475, 4.023788499999999)",6.512684390751619,MOD021KM.A2021285.1055.061.2021285192811.hdf,2021/10/12/MOD021KM.A2021285.1055.061.2021285192811.hdf,0.0,2021-10-12
13,10:00:00,"(53.450639, 16.8934565)",18.23046507195615,MOD021KM.A2021286.1000.061.2021286193250.hdf,2021/10/13/MOD021KM.A2021286.1000.061.2021286193250.hdf,0.563756,2021-10-13
14,10:45:00,"(47.480771749999995, 3.53108725)",6.416843000211295,MOD021KM.A2021287.1045.061.2021287193159.hdf,2021/10/14/MOD021KM.A2021287.1045.061.2021287193159.hdf,0.0,2021-10-14
15,11:25:00,"(58.2411475, -2.2606530000000005)",6.56619752954213,MOD021KM.A2021288.1125.061.2021288194102.hdf,2021/10/15/MOD021KM.A2021288.1125.061.2021288194102.hdf,0.107316,2021-10-15
16,10:30:00,"(56.1630335, 10.514423749999999)",12.571400642865386,MOD021KM.A2021289.1030.061.2021289193354.hdf,2021/10/16/MOD021KM.A2021289.1030.061.2021289193354.hdf,0.001512,2021-10-16
17,11:15:00,"(50.29744075, -3.04984725)",2.308145224513209,MOD021KM.A2021290.1115.061.2021290193725.hdf,2021/10/17/MOD021KM.A2021290.1115.061.2021290193725.hdf,0.0,2021-10-17
18,10:20:00,"(48.13727525, 9.978043249999999)",11.802887841464186,MOD021KM.A2021291.1020.061.2021291193021.hdf,2021/10/18/MOD021KM.A2021291.1020.061.2021291193021.hdf,0.000272,2021-10-18
19,11:00:00,"(58.85779125, 4.27913925)",9.00826610224837,MOD021KM.A2021292.1100.061.2021292193322.hdf,2021/10/19/MOD021KM.A2021292.1100.061.2021292193322.hdf,0.439628,2021-10-19
20,10:05:00,"(56.744918, 17.008296249999997)",18.93609910091669,MOD021KM.A2021293.1005.061.2021293192753.hdf,2021/10/20/MOD021KM.A2021293.1005.061.2021293192753.hdf,0.378272,2021-10-20
21,10:50:00,"(50.895984, 3.38691525)",4.722839634456009,MOD021KM.A2021294.1050.061.2021299033159.hdf,2021/10/21/MOD021KM.A2021294.1050.061.2021299033159.hdf,0.0,2021-10-21
22,09:55:00,"(48.7322445, 16.39889975)",17.91296843104125,MOD021KM.A2021295.0955.061.2021295193422.hdf,2021/10/22/MOD021KM.A2021295.0955.061.2021295193422.hdf,0.870252,2021-10-22
23,10:40:00,"(42.708005, 3.349716999999999)",10.1499821168273,MOD021KM.A2021296.1040.061.2021296193655.hdf,2021/10/23/MOD021KM.A2021296.1040.061.2021296193655.hdf,0.282696,2021-10-23
24,11:20:00,"(53.653146250000006, -3.082701000000001)",2.635334080129136,MOD021KM.A2021297.1120.061.2021297194401.hdf,2021/10/24/MOD021KM.A2021297.1120.061.2021297194401.hdf,0.0,2021-10-24
25,10:25:00,"(51.474916, 9.81991925)",11.081084053062073,MOD021KM.A2021298.1025.061.2021298193449.hdf,2021/10/25/MOD021KM.A2021298.1025.061.2021298193449.hdf,0.0,2021-10-25
26,11:10:00,"(45.49105125, -3.3890862499999996)",6.613795173485165,MOD021KM.A2021299.1110.061.2021299193952.hdf,2021/10/26/MOD021KM.A2021299.1110.061.2021299193952.hdf,0.0,2021-10-26
27,10:15:00,"(43.289700249999996, 9.738299750000001)",13.875248738701956,MOD021KM.A2021300.1015.061.2021303174525.hdf,2021/10/27/MOD021KM.A2021300.1015.061.2021303174525.hdf,0.112404,2021-10-27
28,10:55:00,"(54.29368124999999, 3.4026592499999997)",5.308398243883184,MOD021KM.A2021301.1055.061.2021301193815.hdf,2021/10/28/MOD021KM.A2021301.1055.061.2021301193815.hdf,0.0,2021-10-28
29,10:00:00,"(52.11673275, 16.2863705)",17.547861399267227,MOD021KM.A2021302.1000.061.2021302193430.hdf,2021/10/29/MOD021KM.A2021302.1000.061.2021302193430.hdf,0.564828,2021-10-29
30,10:45:00,"(46.19574525, 3.04642775)",7.0283342646190095,MOD021KM.A2021303.1045.061.2021303193627.hdf,2021/10/30/MOD021KM.A2021303.1045.061.2021303193627.hdf,0.0,2021-10-30
31,11:25:00,"(57.0873555, -2.89809025)",5.581836479481937,MOD021KM.A2021304.1125.061.2021304193238.hdf,2021/10/31/MOD021KM.A2021304.1125.061.2021304193238.hdf,0.0,2021-10-31
1,10:30:00,"(55.02228825, 9.93353775)",11.65927045809956,MOD021KM.A2021305.1030.061.2021305194311.hdf,2021/11/01/MOD021KM.A2021305.1030.061.2021305194311.hdf,2.0,2021-11-01
2,11:15:00,"(49.11530225, -3.5415027500000003)",3.4882560149396493,MOD021KM.A2021306.1115.061.2021306193337.hdf,2021/11/02/MOD021KM.A2021306.1115.061.2021306193337.hdf,0.0,2021-11-02
3,10:20:00,"(46.934610000000006, 9.5109885)",11.797113986994114,MOD021KM.A2021307.1020.061.2021307193149.hdf,2021/11/03/MOD021KM.A2021307.1020.061.2021307193149.hdf,0.00024,2021-11-03
4,11:00:00,"(57.787409499999995, 3.65878225)",7.784469509687557,MOD021KM.A2021308.1100.061.2021308193209.hdf,2021/11/04/MOD021KM.A2021308.1100.061.2021308193209.hdf,0.200008,2021-11-04
5,10:05:00,"(55.72255575, 16.46097125)",18.15810077704809,MOD021KM.A2021309.1005.061.2021309193359.hdf,2021/11/05/MOD021KM.A2021309.1005.061.2021309193359.hdf,0.254804,2021-11-05
6,10:50:00,"(49.8726395, 2.93870475)",4.59802226123176,MOD021KM.A2021310.1050.061.2021310193945.hdf,2021/11/06/MOD021KM.A2021310.1050.061.2021310193945.hdf,0.0,2021-11-06
7,09:55:00,"(47.64304274999999, 15.949150999999999)",17.690654341163548,MOD021KM.A2021311.0955.061.2021311193602.hdf,2021/11/07/MOD021KM.A2021311.0955.061.2021311193602.hdf,0.867036,2021-11-07
8,10:35:00,"(58.455591999999996, 10.206842000000002)",13.280582403352192,MOD021KM.A2021312.1035.061.2021312193622.hdf,2021/11/08/MOD021KM.A2021312.1035.061.2021312193622.hdf,0.477232,2021-11-08
9,11:20:00,"(52.6800335, -3.5594597499999994)",2.4818025956635443,MOD021KM.A2021313.1120.061.2021313194003.hdf,2021/11/09/MOD021KM.A2021313.1120.061.2021313194003.hdf,0.0,2021-11-09
10,10:25:00,"(50.55721125000001, 9.400146)",10.724607289632685,MOD021KM.A2021314.1025.061.2021315052916.hdf,2021/11/10/MOD021KM.A2021314.1025.061.2021315052916.hdf,0.0,2021-11-10
11,11:10:00,"(44.58379125, -3.73924275)",7.5855962918978355,MOD021KM.A2021315.1110.061.2021315193709.hdf,2021/11/11/MOD021KM.A2021315.1110.061.2021315193709.hdf,0.038544,2021-11-11
12,10:15:00,"(42.319033250000004, 9.381367000000001)",14.218671117129569,MOD021KM.A2021316.1015.061.2021316210914.hdf,2021/11/12/MOD021KM.A2021316.1015.061.2021316210914.hdf,0.312612,2021-11-12
13,10:55:00,"(53.345976, 2.9259424999999997)",4.477010616067628,MOD021KM.A2021317.1055.061.2021317194327.hdf,2021/11/13/MOD021KM.A2021317.1055.061.2021317194327.hdf,0.0,2021-11-13
14,10:00:00,"(51.222188, 15.86602925)",17.131923540065475,MOD021KM.A2021318.1000.061.2021318194716.hdf,2021/11/14/MOD021KM.A2021318.1000.061.2021318194716.hdf,0.5612,2021-11-14
15,10:45:00,"(45.26093375, 2.6836867499999997)",7.5939759398463105,MOD021KM.A2021319.1045.061.2021319194112.hdf,2021/11/15/MOD021KM.A2021319.1045.061.2021319194112.hdf,0.0,2021-11-15
16,11:25:00,"(56.17240525000001, -3.4013707500000003)",4.912769774641714,MOD021KM.A2021320.1125.061.2021320194331.hdf,2021/11/16/MOD021KM.A2021320.1125.061.2021320194331.hdf,0.0,2021-11-16
17,10:30:00,"(53.9955705, 9.412189750000001)",10.903217684042875,MOD021KM.A2021321.1030.061.2021321194427.hdf,2021/11/17/MOD021KM.A2021321.1030.061.2021321194427.hdf,0.0,2021-11-17
18,11:15:00,"(48.085040250000006, -3.9759022500000003)",4.564561017231022,MOD021KM.A2021322.1115.061.2021322193445.hdf,2021/11/18/MOD021KM.A2021322.1115.061.2021322193445.hdf,0.0,2021-11-18
19,10:20:00,"(45.91785, 9.108638)",11.8953045254312,MOD021KM.A2021323.1020.061.2021323195247.hdf,2021/11/19/MOD021KM.A2021323.1020.061.2021323195247.hdf,0.000248,2021-11-19
20,11:00:00,"(56.79884299999999, 3.1077524999999993)",6.672915389573371,MOD021KM.A2021324.1100.061.2021324194823.hdf,2021/11/20/MOD021KM.A2021324.1100.061.2021324194823.hdf,0.005468,2021-11-20
21,10:05:00,"(54.662946, 15.918650499999998)",17.421269273900972,MOD021KM.A2021325.1005.061.2021325194650.hdf,2021/11/21/MOD021KM.A2021325.1005.061.2021325194650.hdf,0.252028,2021-11-21
22,10:50:00,"(48.72872725, 2.4570522499999994)",4.789526323110944,MOD021KM.A2021326.1050.061.2021326193420.hdf,2021/11/22/MOD021KM.A2021326.1050.061.2021326193420.hdf,0.0,2021-11-22
23,11:30:00,"(59.46719300000001, -3.124456749999999)",7.937819838653411,MOD021KM.A2021327.1130.061.2021327194759.hdf,2021/11/23/MOD021KM.A2021327.1130.061.2021327194759.hdf,0.339204,2021-11-23
24,10:35:00,"(57.409841750000005, 9.61129275)",12.253414898206772,MOD021KM.A2021328.1035.061.2021331025124.hdf,2021/11/24/MOD021KM.A2021328.1035.061.2021331025124.hdf,0.240236,2021-11-24
25,11:20:00,"(51.58407275, -4.0643765)",2.811695669332799,MOD021KM.A2021329.1120.061.2021329194238.hdf,2021/11/25/MOD021KM.A2021329.1120.061.2021329194238.hdf,0.0,2021-11-25
26,10:25:00,"(49.352714500000005, 8.893904749999999)",10.4312822754795,MOD021KM.A2021330.1025.061.2021330193657.hdf,2021/11/26/MOD021KM.A2021330.1025.061.2021330193657.hdf,0.0,2021-11-26
27,11:10:00,"(43.34241425, -4.1850065)",8.904507613088184,MOD021KM.A2021331.1110.061.2021331194458.hdf,2021/11/27/MOD021KM.A2021331.1110.061.2021331194458.hdf,0.307744,2021-11-27
28,10:10:00,"(57.998804, 16.119649)",18.466045014626623,MOD021KM.A2021332.1010.061.2021332195003.hdf,2021/11/28/MOD021KM.A2021332.1010.061.2021332195003.hdf,0.43644,2021-11-28
29,10:55:00,"(52.19080675, 2.3849739999999997)",3.669008753617461,MOD021KM.A2021333.1055.061.2021333194822.hdf,2021/11/29/MOD021KM.A2021333.1055.061.2021333194822.hdf,0.0,2021-11-29
30,10:00:00,"(50.039915750000006, 15.357290000000003)",16.702967556072128,MOD021KM.A2021334.1000.061.2021334193750.hdf,2021/11/30/MOD021KM.A2021334.1000.061.2021334193750.hdf,0.560836,2021-11-30
1,10:45:00,"(43.954798, 2.21413925)",8.53522271570254,MOD021KM.A2021335.1045.061.2021335193831.hdf,2021/12/01/MOD021KM.A2021335.1045.061.2021335193831.hdf,2.0,2021-12-01
2,11:25:00,"(54.901573, -4.04980275)",4.208996061875865,MOD021KM.A2021336.1125.061.2021336195246.hdf,2021/12/02/MOD021KM.A2021336.1125.061.2021336195246.hdf,0.0,2021-12-02
3,10:30:00,"(52.77654825, 8.8353065)",10.144874534740206,MOD021KM.A2021337.1030.061.2021337193349.hdf,2021/12/03/MOD021KM.A2021337.1030.061.2021337193349.hdf,0.0,2021-12-03
4,11:15:00,"(46.821049, -4.4626105)",5.880963278019278,MOD021KM.A2021338.1115.061.2021338193856.hdf,2021/12/04/MOD021KM.A2021338.1115.061.2021338193856.hdf,0.0,2021-12-04
5,10:20:00,"(44.58639375, 8.623023)",12.205515144096465,MOD021KM.A2021339.1020.061.2021339193129.hdf,2021/12/05/MOD021KM.A2021339.1020.061.2021339193129.hdf,0.00022,2021-12-05
6,11:00:00,"(55.46548625, 2.4131169999999997)",5.221578073382417,MOD021KM.A2021340.1100.061.2021340211405.hdf,2021/12/06/MOD021KM.A2021340.1100.061.2021340211405.hdf,0.0,2021-12-06
7,10:05:00,"(53.34022175, 15.27727075)",16.61107179054165,MOD021KM.A2021341.1005.061.2021341193001.hdf,2021/12/07/MOD021KM.A2021341.1005.061.2021341193001.hdf,0.252988,2021-12-07
8,10:50:00,"(47.3941725, 1.9360492500000004)",5.4028413628045575,MOD021KM.A2021342.1050.061.2021342192738.hdf,2021/12/08/MOD021KM.A2021342.1050.061.2021342192738.hdf,0.0,2021-12-08
9,11:30:00,"(58.184428000000004, -3.8568085)",6.937686571902501,MOD021KM.A2021343.1130.061.2021343194217.hdf,2021/12/09/MOD021KM.A2021343.1130.061.2021343194217.hdf,0.04428,2021-12-09
10,10:35:00,"(56.0917115, 8.91283)",11.05770212947212,MOD021KM.A2021344.1035.061.2021344193643.hdf,2021/12/10/MOD021KM.A2021344.1035.061.2021344193643.hdf,0.0,2021-12-10
11,11:20:00,"(50.1254315, -4.68558025)",3.7942177182566015,MOD021KM.A2021345.1120.061.2021345194258.hdf,2021/12/11/MOD021KM.A2021345.1120.061.2021345194258.hdf,0.0,2021-12-11
12,10:25:00,"(47.94914325, 8.3395325)",10.323206435990556,MOD021KM.A2021346.1025.061.2021346194123.hdf,2021/12/12/MOD021KM.A2021346.1025.061.2021346194123.hdf,0.0,2021-12-12
13,11:05:00,"(58.709049750000005, 2.62721175)",7.968254547218177,MOD021KM.A2021347.1105.061.2021347194045.hdf,2021/12/13/MOD021KM.A2021347.1105.061.2021347194045.hdf,0.371256,2021-12-13
14,10:10:00,"(56.619915500000005, 15.379271249999999)",17.334515098163745,MOD021KM.A2021348.1010.061.2021348194025.hdf,2021/12/14/MOD021KM.A2021348.1010.061.2021348194025.hdf,0.133152,2021-12-14
15,10:55:00,"(50.7513625, 1.7667484999999998)",3.18568111014874,MOD021KM.A2021349.1055.061.2021349194457.hdf,2021/12/15/MOD021KM.A2021349.1055.061.2021349194457.hdf,0.0,2021-12-15
16,10:00:00,"(48.49086475, 14.746944749999999)",16.333513299118934,MOD021KM.A2021350.1000.061.2021350194501.hdf,2021/12/16/MOD021KM.A2021350.1000.061.2021350194501.hdf,0.563488,2021-12-16
17,10:45:00,"(42.47201975, 1.7116332500000007)",9.743457979072195,MOD021KM.A2021351.1045.061.2021351193136.hdf,2021/12/17/MOD021KM.A2021351.1045.061.2021351193136.hdf,0.357884,2021-12-17
18,11:25:00,"(53.485847250000006, -4.72781425)",3.879164754735952,MOD021KM.A2021352.1125.061.2021352193435.hdf,2021/12/18/MOD021KM.A2021352.1125.061.2021352193435.hdf,0.0,2021-12-18
19,10:30:00,"(51.3598885, 8.20735625)",9.473174823895963,MOD021KM.A2021353.1030.061.2021353193053.hdf,2021/12/19/MOD021KM.A2021353.1030.061.2021353193053.hdf,0.0,2021-12-19
20,11:15:00,"(45.34648125, -5.004020500000001)",7.420619094477353,MOD021KM.A2021354.1115.061.2021354193724.hdf,2021/12/20/MOD021KM.A2021354.1115.061.2021354193724.hdf,0.0,2021-12-20
21,10:20:00,"(43.11815575, 8.10951025)",12.739226601366472,MOD021KM.A2021355.1020.061.2021355193943.hdf,2021/12/21/MOD021KM.A2021355.1020.061.2021355193943.hdf,0.148488,2021-12-21
22,11:00:00,"(54.10403275, 1.7422602499999993)",3.8120623760180807,MOD021KM.A2021356.1100.061.2021356193701.hdf,2021/12/22/MOD021KM.A2021356.1100.061.2021356193701.hdf,0.0,2021-12-22
23,10:05:00,"(51.97480075, 14.65616225)",15.91542182558086,MOD021KM.A2021357.1005.061.2021357193754.hdf,2021/12/23/MOD021KM.A2021357.1005.061.2021357193754.hdf,0.254264,2021-12-23
24,10:50:00,"(46.01095375, 1.4150377499999998)",6.332703934727579,MOD021KM.A2021358.1050.061.2021358193723.hdf,2021/12/24/MOD021KM.A2021358.1050.061.2021358193723.hdf,0.0,2021-12-24
25,11:30:00,"(56.875463249999996, -4.576537)",6.104470059445742,MOD021KM.A2021359.1130.061.2021359194112.hdf,2021/12/25/MOD021KM.A2021359.1130.061.2021359194112.hdf,0.0,2021-12-25
26,10:35:00,"(54.69149725, 8.204760250000001)",9.908521487365691,MOD021KM.A2021360.1035.061.2021360194144.hdf,2021/12/26/MOD021KM.A2021360.1035.061.2021360194144.hdf,0.0,2021-12-26
27,11:20:00,"(48.77849925, -5.2370105)",4.967556619270767,MOD021KM.A2021361.1120.061.2021361193330.hdf,2021/12/27/MOD021KM.A2021361.1120.061.2021361193330.hdf,0.0,2021-12-27
28,10:25:00,"(46.5997905, 7.819755250000001)",10.437694024431014,MOD021KM.A2021362.1025.061.2021362193340.hdf,2021/12/28/MOD021KM.A2021362.1025.061.2021362193340.hdf,0.0,2021-12-28
29,11:05:00,"(57.432195750000005, 1.906403000000001)",6.502012884709403,MOD021KM.A2021363.1105.061.2021364032422.hdf,2021/12/29/MOD021KM.A2021363.1105.061.2021364032422.hdf,0.073896,2021-12-29
30,10:10:00,"(55.2862955, 14.6883575)",16.333033841715583,MOD021KM.A2021364.1010.061.2021364193656.hdf,2021/12/30/MOD021KM.A2021364.1010.061.2021364193656.hdf,0.008876,2021-12-30
31,10:55:00,"(49.345568500000006, 1.1759435000000007)",3.4225039443782217,MOD021KM.A2021365.1055.061.2021365193043.hdf,2021/12/31/MOD021KM.A2021365.1055.061.2021365193043.hdf,0.0,2021-12-31
